repo_name,total_events,unique_actors,bot_events,first_event,last_event,total_payload_b,phish_name_flag,ai_coauthor_flag,unique_orgs,events_per_actor,bot_ratio,time_span_s,events_per_second,event_type_diversity,distinct_branches,suspicious_score
ECShuai/ManifestHub,54560,1,0,2026-04-11 10:43:10+00:00,2026-04-11 22:09:55+00:00,29477838,False,False,0,54560.0,0.0,41205.0,1.3241111515592767,1,38666,5
evahfkh/ManifestHub,22451,1,0,2026-04-13 19:52:21+00:00,2026-04-14 05:56:44+00:00,12144667,False,False,0,22451.0,0.0,36263.0,0.6191159032622784,1,21541,5
qiao-lima/TitanManifests_Private,10270,1,0,2026-04-10 04:21:22+00:00,2026-04-16 18:17:16+00:00,6039327,False,False,0,10270.0,0.0,568554.0,0.01806336777157491,2,10008,4
merge-demo/mergequeue-bazel,24614,7,21641,2026-04-10 00:00:27+00:00,2026-04-16 22:59:19+00:00,33169053,False,False,1,3516.285714285714,0.8792150808482977,601132.0,0.040946081725810636,5,5932,5
leandrohstein/transporteservico-urbs-data,20120,1,0,2026-04-10 00:00:07+00:00,2026-04-16 22:59:17+00:00,14921397,False,False,0,20120.0,0.0,601150.0,0.03346918406387757,4,4127,4
1Lask/ManifestHub2,3547,1,0,2026-04-12 18:28:13+00:00,2026-04-13 11:58:45+00:00,2014422,False,False,0,3547.0,0.0,63032.0,0.056273004188348776,1,3544,4
drussell23/JARVIS,17577,4,17473,2026-04-10 00:00:40+00:00,2026-04-16 22:17:36+00:00,68461742,False,False,0,4394.25,0.9940831768788758,598616.0,0.029362730030603926,9,2977,5
swesmith-uva/django__django.65dfb06a,2831,1,0,2026-04-15 15:06:38+00:00,2026-04-16 09:44:28+00:00,2335575,False,False,1,2831.0,0.0,67070.0,0.04220963172804532,1,2829,4
docker-hardened-images/log,12026,1,12026,2026-04-10 00:03:33+00:00,2026-04-16 22:55:53+00:00,19426472,False,False,1,12026.0,1.0,600740.0,0.02001864367280354,5,2828,6
kvmw/cook-config,4086,1,0,2026-04-13 07:46:14+00:00,2026-04-13 10:34:46+00:00,2181234,False,False,0,4086.0,0.0,10112.0,0.4040743670886076,3,2292,5
mobbcitestjob/ai-blame-e2e-tests,7363,12,469,2026-04-10 09:09:04+00:00,2026-04-16 22:49:38+00:00,8541081,False,False,0,613.5833333333334,0.06369686269183757,567634.0,0.012971386492000126,5,2192,3
mobineck/https-github.com-JetBrains-intellij-community,2569,1,0,2026-04-14 06:43:58+00:00,2026-04-14 07:23:37+00:00,1717448,False,False,0,2569.0,0.0,2379.0,1.0798654897015554,1,2132,5
tenstorrent/tt-forge-models,2097,18,37,2026-04-10 00:00:09+00:00,2026-04-16 22:48:07+00:00,2112339,False,False,1,116.5,0.01764425369575584,600478.0,0.003492217866433075,7,1783,3
google-test2/signclav2-probe-repo,3364,3,0,2026-04-10 00:01:48+00:00,2026-04-16 22:59:37+00:00,2975248,False,False,1,1121.3333333333333,0.0,601069.0,0.0055966952213472995,3,1301,3
biggsco/event-seating-app2,1207,1,0,2026-04-13 07:21:30+00:00,2026-04-13 08:24:07+00:00,776021,False,False,0,1207.0,0.0,3757.0,0.3212669683257919,1,1207,5
gauravkhetan/langflow,1163,1,0,2026-04-12 05:03:41+00:00,2026-04-12 05:14:54+00:00,694250,False,False,0,1163.0,0.0,673.0,1.7280832095096583,1,1163,5
vtest7894-cpu/test-monorepo,1079,1,0,2026-04-10 00:10:55+00:00,2026-04-16 22:55:56+00:00,652795,False,False,0,1079.0,0.0,600301.0,0.001797431621803062,1,1077,4
mika-stoessel/n8n,1081,1,0,2026-04-14 13:46:23+00:00,2026-04-14 14:06:01+00:00,671964,False,False,0,1081.0,0.0,1178.0,0.9176570458404074,1,1071,5
set2374/codex,1039,1,0,2026-04-11 21:48:26+00:00,2026-04-11 21:58:30+00:00,616745,False,False,0,1039.0,0.0,604.0,1.7201986754966887,1,1039,5
openshift-helm-charts/sandbox-2025-11,2878,2,2878,2026-04-10 05:37:30+00:00,2026-04-16 07:22:37+00:00,4321409,False,False,1,1439.0,1.0,524707.0,0.005484965895252017,6,1030,5
shadowm-mounarch/yolo-test,1655,1,0,2026-04-14 17:14:21+00:00,2026-04-15 15:41:39+00:00,1067257,False,False,0,1655.0,0.0,80838.0,0.020473044855142383,4,1023,4
konflux-ci/testrepo,3396,6,3396,2026-04-10 01:44:57+00:00,2026-04-16 21:50:24+00:00,2822076,False,False,1,566.0,1.0,590727.0,0.005748848452838621,4,991,5
trunk-io/mergequeue-demo,4761,3,4537,2026-04-15 17:27:40+00:00,2026-04-16 14:30:35+00:00,4848042,False,False,1,1587.0,0.9529510607015332,75775.0,0.06283074892774662,5,958,5
Homebrew/homebrew-cask,2974,35,1305,2026-04-10 01:11:36+00:00,2026-04-16 22:55:48+00:00,3190034,False,False,1,84.97142857142858,0.4388029589778077,596652.0,0.004984480065431776,9,940,3
Husninaazra/gitlab,919,1,0,2026-04-15 09:42:39+00:00,2026-04-15 09:53:06+00:00,595185,False,False,0,919.0,0.0,627.0,1.4657097288676235,1,919,5
jentic/jentic-public-apis,2862,9,2004,2026-04-10 00:59:43+00:00,2026-04-16 18:42:56+00:00,4857240,False,False,1,318.0,0.70020964360587,582193.0,0.00491589558788924,6,875,5
security-alliance-bot/eth-phishing-detect,1656,1,1656,2026-04-10 00:02:59+00:00,2026-04-16 22:52:29+00:00,1150812,False,False,0,1656.0,1.0,600570.0,0.002757380488535891,2,852,6
TimSchoenle/actions-testing,3084,2,3084,2026-04-10 00:55:42+00:00,2026-04-15 16:54:26+00:00,2327920,False,False,0,1542.0,1.0,489524.0,0.006299997548639086,6,849,5
Homebrew/homebrew-core,3858,60,2027,2026-04-10 00:03:38+00:00,2026-04-16 22:46:42+00:00,6260461,False,False,1,64.3,0.5254017625712805,600184.0,0.006428028737853725,10,821,5
NixOS/nixpkgs,6235,535,4357,2026-04-10 00:00:21+00:00,2026-04-16 22:56:22+00:00,17003054,False,False,1,11.654205607476635,0.6987971130713713,600961.0,0.010375049296044169,10,819,5
r73psv/vertex-ai,783,1,0,2026-04-10 21:22:41+00:00,2026-04-10 21:25:04+00:00,448942,False,False,0,783.0,0.0,143.0,5.475524475524476,1,783,5
direwolf-github/my-app,2181,1,0,2026-04-10 00:12:49+00:00,2026-04-16 22:34:14+00:00,1267202,False,False,0,2181.0,0.0,598885.0,0.003641767618157075,3,766,4
shige1014-dev/backup-firecrawl,754,2,10,2026-04-11 21:32:14+00:00,2026-04-11 21:40:53+00:00,502193,False,False,0,377.0,0.013262599469496022,519.0,1.4527938342967244,2,749,4
Trenly/winget-pkgs,1342,1,0,2026-04-10 12:33:55+00:00,2026-04-13 21:45:47+00:00,819467,False,False,0,1342.0,0.0,292312.0,0.004590984974958264,3,729,4
intel-lab-lkp/linux,706,1,0,2026-04-10 08:28:26+00:00,2026-04-16 22:50:38+00:00,521850,False,False,0,706.0,0.0,570132.0,0.001238309724765493,1,704,4
ursacomputing/crossbow,1557,2,0,2026-04-10 00:17:56+00:00,2026-04-16 15:11:56+00:00,1475616,False,False,1,778.5,0.0,572040.0,0.0027218376337319067,4,654,3
digitalocean-e2e/apps-deploy-on-push,1906,1,0,2026-04-10 00:09:07+00:00,2026-04-16 22:56:23+00:00,1160114,False,False,0,1906.0,0.0,600436.0,0.003174359965092033,3,641,4
vellum-ai/vellum-assistant,4431,20,1531,2026-04-10 00:04:30+00:00,2026-04-16 22:46:41+00:00,10961940,False,False,1,221.55,0.3455201986007673,600131.0,0.007383387960295335,9,630,3
merge-demo/mergequeue-nx,1486,5,1379,2026-04-16 03:30:38+00:00,2026-04-16 22:58:52+00:00,1869790,False,False,1,297.2,0.9279946164199192,70094.0,0.021200102719205638,5,623,5
mrjoshiroshan/ValueFabric,679,1,0,2026-04-15 07:09:20+00:00,2026-04-15 07:15:01+00:00,424953,False,False,0,679.0,0.0,341.0,1.9912023460410557,1,622,5
khd0425/liteLLM,615,1,0,2026-04-16 00:59:39+00:00,2026-04-16 01:10:26+00:00,374779,False,False,0,615.0,0.0,647.0,0.9505409582689336,1,615,5
educatedman/couragous,619,1,0,2026-04-14 19:47:56+00:00,2026-04-14 20:49:05+00:00,376355,False,False,0,619.0,0.0,3669.0,0.16871082038702645,1,614,5
GameKyuubi/goose,680,2,1,2026-04-14 02:39:08+00:00,2026-04-14 22:31:14+00:00,463845,False,False,0,340.0,0.0014705882352941176,71526.0,0.009507032407795766,3,591,3
KudoKaito272/Mattermost,576,1,0,2026-04-16 04:23:54+00:00,2026-04-16 04:47:02+00:00,347412,False,False,0,576.0,0.0,1388.0,0.414985590778098,1,576,5
safwan370/MatterMost,577,1,0,2026-04-16 03:05:27+00:00,2026-04-16 03:28:11+00:00,339037,False,False,0,577.0,0.0,1364.0,0.42302052785923755,1,571,5
jeong-sik/masc-mcp,3745,5,530,2026-04-10 00:31:53+00:00,2026-04-16 21:40:21+00:00,7511528,False,False,0,749.0,0.14152202937249667,594508.0,0.006299326501914188,9,544,3
syamilnajhan/Chat-application,529,1,0,2026-04-15 07:35:19+00:00,2026-04-15 07:58:39+00:00,325890,False,False,0,529.0,0.0,1400.0,0.37785714285714284,1,528,5
MetaMask/metamask-mobile,3206,109,2086,2026-04-10 00:00:14+00:00,2026-04-16 22:59:57+00:00,9469934,False,False,1,29.412844036697248,0.6506550218340611,601183.0,0.0053328187922812185,9,527,5
Shubham22111710/PerfettoMigration,526,1,0,2026-04-14 11:11:07+00:00,2026-04-14 11:15:50+00:00,337494,True,False,0,526.0,0.0,283.0,1.8586572438162545,1,526,8
prawn-test-production-rw/mg-service-test,1748,2,1748,2026-04-10 00:24:14+00:00,2026-04-16 22:19:11+00:00,3431848,False,False,1,874.0,1.0,597297.0,0.0029265172937416395,6,524,5
odoo-dev/odoo,2475,402,687,2026-04-10 00:23:52+00:00,2026-04-16 22:56:10+00:00,1918928,False,False,1,6.156716417910448,0.2775757575757576,599538.0,0.00412817869759715,3,523,2
anandgeorgejohny/Cline-AI-CLI-aNd-Editor-,513,1,0,2026-04-16 11:32:24+00:00,2026-04-16 11:36:42+00:00,341601,False,False,0,513.0,0.0,258.0,1.9883720930232558,1,513,5
sfgroupltd78-gif/bitcoin,1873,1,0,2026-04-10 10:39:32+00:00,2026-04-16 16:16:05+00:00,1340074,False,False,0,1873.0,0.0,538593.0,0.0034775795452224594,4,512,4
ClaudeFR63/cal.com,508,1,0,2026-04-11 15:31:36+00:00,2026-04-11 15:45:46+00:00,318908,False,False,0,508.0,0.0,850.0,0.5976470588235294,1,508,5
losshero0/openclaw,503,1,0,2026-04-13 04:04:36+00:00,2026-04-13 04:53:36+00:00,305631,False,False,0,503.0,0.0,2940.0,0.17108843537414967,1,503,5
vtest7894-cpu/blog,501,1,501,2026-04-10 00:03:50+00:00,2026-04-16 22:56:10+00:00,287574,False,False,0,501.0,1.0,600740.0,0.0008339714352298831,1,501,6
actions-canary/ForkPRCanary,1471,3,1471,2026-04-10 00:01:55+00:00,2026-04-16 22:46:46+00:00,1421917,False,False,1,490.3333333333333,1.0,600291.0,0.0024504781847470643,3,497,5
demergent-labs/azle,946,1,946,2026-04-10 10:25:07+00:00,2026-04-16 10:40:47+00:00,887430,False,False,1,946.0,1.0,519340.0,0.0018215427273077368,2,493,6
s253567675/Huggingface,493,1,0,2026-04-15 08:32:22+00:00,2026-04-15 08:57:32+00:00,293356,False,False,0,493.0,0.0,1510.0,0.3264900662251656,1,493,5
vikramjaglan11official-oss/goose-agent,490,1,0,2026-04-12 17:53:12+00:00,2026-04-12 17:56:52+00:00,339368,False,False,0,490.0,0.0,220.0,2.227272727272727,1,490,5
bbq-beets/ForkPRCanary,1014,2,1014,2026-04-10 00:01:39+00:00,2026-04-16 22:46:45+00:00,756142,False,False,1,507.0,1.0,600306.0,0.0016891385393449341,2,482,5
predohenr/mining-framework-analysis,498,1,0,2026-04-10 00:37:58+00:00,2026-04-16 21:48:49+00:00,368476,False,False,0,498.0,0.0,594651.0,0.0008374660094744649,3,481,4
vm0-ai/vm0,2568,12,1408,2026-04-10 00:05:35+00:00,2026-04-16 22:24:04+00:00,7741869,False,False,1,214.0,0.5482866043613707,598709.0,0.004289228991045733,9,476,5
prawn-test-staging-rw/mg-service-test,1598,2,1598,2026-04-10 00:48:58+00:00,2026-04-16 22:25:57+00:00,3052889,False,False,1,799.0,1.0,596219.0,0.0026802232065734235,6,476,5
parthivshah1/ps_transformers,476,1,0,2026-04-16 16:51:53+00:00,2026-04-16 17:17:52+00:00,293932,False,False,0,476.0,0.0,1559.0,0.30532392559332905,1,476,5
fa-assistant/jaffle_shop,911,1,0,2026-04-10 00:00:59+00:00,2026-04-16 22:52:41+00:00,531985,False,False,0,911.0,0.0,600702.0,0.0015165589593508929,2,474,4
Justfriends-hub/openclaw,469,1,0,2026-04-11 20:09:48+00:00,2026-04-11 20:57:49+00:00,310446,False,False,0,469.0,0.0,2881.0,0.16279069767441862,1,469,5
QCADevProd/qdo-canary-pullrequestscan-prod-eu-central-1,1917,2,1079,2026-04-10 00:07:57+00:00,2026-04-16 22:58:54+00:00,6259614,False,False,0,958.5,0.5628586332811685,600657.0,0.0031915053016946444,5,456,5
Angeluis001/openclaw,449,1,0,2026-04-16 03:33:10+00:00,2026-04-16 04:24:51+00:00,280347,False,False,0,449.0,0.0,3101.0,0.14479200257981295,1,449,5
PostHog/posthog,3885,173,893,2026-04-10 00:01:46+00:00,2026-04-16 22:58:23+00:00,10431660,False,False,1,22.45664739884393,0.22985842985842986,600997.0,0.006464258557031067,11,447,3
vomw/com.tunjid.heron,440,1,0,2026-04-11 06:32:53+00:00,2026-04-12 06:28:22+00:00,251322,False,False,0,440.0,0.0,86129.0,0.005108616145549119,2,439,4
alphagov/govuk-helm-charts,1310,16,1,2026-04-10 08:19:48+00:00,2026-04-16 17:11:37+00:00,1112667,False,False,1,81.875,0.0007633587786259542,550309.0,0.0023804807844320193,6,438,3
cooyun/hermes-agent,427,1,0,2026-04-12 06:03:48+00:00,2026-04-12 06:07:09+00:00,253956,False,False,0,427.0,0.0,201.0,2.1243781094527363,1,427,5
QCADevProd/qdo-canary-pullrequestscan-prod-us-east-1,1743,2,983,2026-04-10 00:02:56+00:00,2026-04-16 22:54:37+00:00,5750548,False,False,0,871.5,0.5639701663798049,600701.0,0.0029016099523723115,5,427,5
argo-testing/repo-test,840,1,0,2026-04-10 01:19:21+00:00,2026-04-16 22:45:31+00:00,511944,False,False,0,840.0,0.0,595570.0,0.0014104135534026227,2,426,4
google-test/signclav2-probe-repo,2621,4,234,2026-04-10 00:07:50+00:00,2026-04-16 22:59:51+00:00,6522102,False,False,1,655.25,0.08927890118275468,600721.0,0.004363090353092367,4,424,3
QCADevProd/qdo-canary-pullrequestscan-prod-ap-southeast-1,1674,2,926,2026-04-10 00:02:46+00:00,2026-04-16 22:52:47+00:00,5431853,False,False,0,837.0,0.5531660692951016,600601.0,0.0027872081465065827,5,423,5
QCADevProd/qdo-canary-pullrequestscan-prod-ap-southeast-2,1673,2,929,2026-04-10 00:00:27+00:00,2026-04-16 22:50:40+00:00,5341437,False,False,0,836.5,0.5552898983861327,600613.0,0.0027854874936106945,5,423,5
testcodefresh/argocd-example-apps,1148,1,0,2026-04-10 00:24:07+00:00,2026-04-16 22:16:40+00:00,783640,False,False,0,1148.0,0.0,597153.0,0.0019224553841310351,3,421,4
konflux-qe-bd/devfile-sample-python-basic,1123,4,461,2026-04-10 08:12:22+00:00,2026-04-16 20:19:35+00:00,991662,False,False,1,280.75,0.41050756901157615,562033.0,0.001998103314218204,4,420,3
secosun/openclawcluster,421,1,0,2026-04-15 14:06:22+00:00,2026-04-15 14:57:58+00:00,255591,False,False,0,421.0,0.0,3096.0,0.13598191214470284,2,420,5
QCADevProd/qdo-canary-pullrequestscan-prod-us-west-2,1849,2,1079,2026-04-10 00:06:50+00:00,2026-04-16 22:57:13+00:00,6112036,False,False,0,924.5,0.5835586803677664,600623.0,0.0030784701884543214,5,416,5
wv26296-ux/nora,420,2,1,2026-04-10 16:32:01+00:00,2026-04-13 10:27:42+00:00,248982,False,False,0,210.0,0.002380952380952381,237341.0,0.0017696057571173964,2,413,3
andyjad-bit/openclaw,413,1,0,2026-04-13 18:50:23+00:00,2026-04-13 19:43:06+00:00,256633,False,False,0,413.0,0.0,3163.0,0.13057224154283908,1,412,5
shige1014-dev/backup-hermes-agent,411,1,0,2026-04-11 21:54:56+00:00,2026-04-11 22:01:39+00:00,271609,False,False,0,411.0,0.0,403.0,1.0198511166253101,1,411,5
gauthierdmn/nominal-code-test,2270,4,220,2026-04-10 01:35:39+00:00,2026-04-15 03:04:19+00:00,3479959,False,False,0,567.5,0.09691629955947137,437320.0,0.005190707033751029,7,411,3
QCADevProd/qdo-canary-pullrequestscan-prod-us-east-2,1706,2,977,2026-04-10 00:07:15+00:00,2026-04-16 22:56:58+00:00,5608580,False,False,0,853.0,0.5726846424384525,600583.0,0.002840573242998886,5,409,5
tadanobutubutu/achievement-hunter,1786,7,247,2026-04-10 23:32:42+00:00,2026-04-11 00:03:36+00:00,3207135,False,False,0,255.14285714285714,0.13829787234042554,1854.0,0.9633225458468176,7,403,4
QCADevProd/qdo-canary-pullrequestscan-prod-eu-west-1,1748,2,1009,2026-04-10 00:01:53+00:00,2026-04-16 22:52:28+00:00,5795342,False,False,0,874.0,0.5772311212814645,600635.0,0.0029102533152413697,5,402,5
QCADevProd/qdo-canary-pullrequestscan-prod-ap-northeast-1,1795,2,1040,2026-04-10 00:03:17+00:00,2026-04-16 22:52:58+00:00,5964445,False,False,0,897.5,0.5793871866295265,600581.0,0.002988772538591797,5,402,5
1qaz0okm2wsx/hermes-agent,400,1,0,2026-04-11 05:47:10+00:00,2026-04-11 05:50:22+00:00,244246,False,False,0,400.0,0.0,192.0,2.0833333333333335,1,400,5
SpecterShell/winget-pkgs,1319,2,0,2026-04-10 00:12:28+00:00,2026-04-16 22:28:19+00:00,828319,False,False,0,659.5,0.0,598551.0,0.0022036551605460523,3,397,3
cleanstart-dev/cleanstart-security-advisories,3782,2,0,2026-04-10 01:09:11+00:00,2026-04-16 01:43:30+00:00,3591236,False,False,1,1891.0,0.0,520459.0,0.007266662695812735,4,397,3
shenas-org/shenas,662,1,0,2026-04-10 13:05:32+00:00,2026-04-16 21:11:02+00:00,539295,False,False,1,662.0,0.0,547530.0,0.0012090661698902342,2,396,4
cyh-px4/px4,395,1,0,2026-04-11 07:00:56+00:00,2026-04-11 07:13:41+00:00,232762,False,False,0,395.0,0.0,765.0,0.5163398692810458,1,395,5
QCADevProd/qdo-canary-pullrequestscan-prod-eu-west-2,1612,2,910,2026-04-10 00:00:19+00:00,2026-04-16 22:50:49+00:00,5174775,False,False,0,806.0,0.5645161290322581,600630.0,0.002683848625609776,5,394,5
maj33d173869-cpu/Hermes,393,1,0,2026-04-10 23:47:56+00:00,2026-04-10 23:51:02+00:00,250379,False,False,0,393.0,0.0,186.0,2.1129032258064515,1,393,5
QCADevProd/qdo-canary-pullrequestscan-prod-eu-north-1,1633,2,928,2026-04-10 00:05:16+00:00,2026-04-16 22:54:46+00:00,5459707,False,False,0,816.5,0.5682792406613595,600570.0,0.0027190835373062257,5,391,5
Guoshizeng/openclaw,380,1,0,2026-04-16 13:13:16+00:00,2026-04-16 14:06:29+00:00,234518,False,False,0,380.0,0.0,3193.0,0.11901033510804886,1,380,5
losshero0/hermes-agent,379,1,0,2026-04-13 04:01:50+00:00,2026-04-13 04:05:34+00:00,229766,False,False,0,379.0,0.0,224.0,1.6919642857142858,1,379,5
future1314/hermes-agent,378,1,0,2026-04-11 07:21:25+00:00,2026-04-11 07:24:32+00:00,229024,False,False,0,378.0,0.0,187.0,2.021390374331551,1,378,5
AceSeat/Rpmx86E2eTestRepo,6321,1,0,2026-04-10 13:46:56+00:00,2026-04-16 22:31:08+00:00,3934789,False,False,0,6321.0,0.0,549852.0,0.011495820693568451,3,376,4
victor-blanco-viseo/sfcc-pwa2,379,1,0,2026-04-15 14:17:45+00:00,2026-04-15 14:38:31+00:00,247651,False,False,0,379.0,0.0,1246.0,0.3041733547351525,2,372,5
umairit/opentelemetry-collector-contrib,3775,2,3693,2026-04-16 09:41:49+00:00,2026-04-16 11:54:41+00:00,2978452,False,False,0,1887.5,0.9782781456953642,7972.0,0.4735323632714501,3,371,6
hitenreddy/Agentic-AI,366,1,0,2026-04-14 19:04:40+00:00,2026-04-14 19:06:55+00:00,239340,False,False,0,366.0,0.0,135.0,2.7111111111111112,1,366,5
tenstorrent/tt-metal,2362,207,660,2026-04-10 00:02:11+00:00,2026-04-16 22:57:41+00:00,5314984,False,False,1,11.41062801932367,0.279424216765453,600930.0,0.003930574276538033,12,362,3
AceSeat/RpmArmE2eTestRepo,6134,1,0,2026-04-10 13:46:45+00:00,2026-04-16 22:29:10+00:00,3818350,False,False,0,6134.0,0.0,549745.0,0.011157900481132162,3,359,4
r-ryantm/nixpkgs,733,11,0,2026-04-10 00:02:04+00:00,2026-04-16 22:24:10+00:00,422896,False,False,0,66.63636363636364,0.0,598926.0,0.0012238573713614035,3,358,3
kjuhwa/skills-hub,762,1,0,2026-04-15 04:05:07+00:00,2026-04-16 22:59:02+00:00,532658,False,False,0,762.0,0.0,154435.0,0.004934114676077314,5,354,4
zhoudka1974/llvm-project,353,1,0,2026-04-16 10:28:24+00:00,2026-04-16 11:03:47+00:00,256890,False,False,0,353.0,0.0,2123.0,0.16627414036740462,1,353,5
geeman611-art/flutter-project,390,2,42,2026-04-15 18:19:17+00:00,2026-04-15 20:37:00+00:00,249515,False,False,0,195.0,0.1076923076923077,8263.0,0.04719835410867724,2,349,3
mattalldianhr/codifork-test-docs,731,2,263,2026-04-10 05:34:05+00:00,2026-04-12 20:43:14+00:00,525062,False,False,0,365.5,0.359781121751026,227349.0,0.003215320938293109,4,343,3
hgxszhj-pixel/hermes-agent-new,337,1,0,2026-04-14 07:41:58+00:00,2026-04-14 07:46:11+00:00,216354,False,False,0,337.0,0.0,253.0,1.33201581027668,1,337,5
synaptent/aragora,2591,3,164,2026-04-10 00:00:35+00:00,2026-04-16 22:27:39+00:00,8031386,False,False,1,863.6666666666666,0.06329602470088769,599224.0,0.00432392561045619,6,337,3
Husninaazra/react,336,1,0,2026-04-15 12:33:31+00:00,2026-04-15 12:50:25+00:00,197710,False,False,0,336.0,0.0,1014.0,0.33136094674556216,1,336,5
regro-cf-autotick-bot-staging/conda-forge-pinning-feedstock,330,1,0,2026-04-10 15:27:31+00:00,2026-04-16 20:06:24+00:00,242008,False,False,0,330.0,0.0,535133.0,0.0006166691271141941,1,330,4
scalr-automation/terraform-scalr-flat-mirror4,1012,7,0,2026-04-10 03:21:24+00:00,2026-04-16 21:57:41+00:00,946277,False,False,1,144.57142857142858,0.0,585377.0,0.001728800414092115,5,320,3
DataDog/datadog-agent,2453,163,1421,2026-04-10 00:20:29+00:00,2026-04-16 22:59:56+00:00,5018346,False,False,1,15.049079754601227,0.5792906644924583,599967.0,0.004088558204034555,9,319,5
scalr-automation/terraform-scalr-flat-mirror1,994,7,0,2026-04-10 03:46:53+00:00,2026-04-16 18:17:30+00:00,950844,False,False,1,142.0,0.0,570637.0,0.0017419129849624191,5,314,3
nicolalalalalalalalala/SVP,1474,2,69,2026-04-10 00:03:19+00:00,2026-04-16 22:55:16+00:00,1593300,False,False,0,737.0,0.046811397557666216,600717.0,0.002453734453994144,6,311,3
PixeeSandbox/pixee-platform-integration-test--pygoat,951,5,764,2026-04-10 00:05:42+00:00,2026-04-16 22:52:51+00:00,2911102,True,False,1,190.2,0.8033648790746583,600429.0,0.0015838675347126805,6,311,8
mergifyio-testing/functional-testing-repo-jd,967,3,766,2026-04-10 07:45:40+00:00,2026-04-16 17:08:34+00:00,1031356,False,False,1,322.3333333333333,0.7921406411582212,552174.0,0.001751259566730777,6,310,5
Husninaazra/kibana,312,1,0,2026-04-15 07:59:30+00:00,2026-04-15 19:58:56+00:00,184220,False,False,0,312.0,0.0,43166.0,0.007227910855766112,1,310,4
avaonline437/openclaw-qdrant,308,2,9,2026-04-10 01:38:07+00:00,2026-04-10 21:37:42+00:00,197484,False,False,0,154.0,0.02922077922077922,71975.0,0.004279263633205974,2,303,3
UAbsmith/UAGenesysCloud,302,1,0,2026-04-13 20:31:45+00:00,2026-04-13 20:33:37+00:00,180464,False,False,0,302.0,0.0,112.0,2.6964285714285716,1,302,5
aws-aemilia-dub/Github-PR-Commit-Integration-Test-DoNotTouch-Gith-RB7P4TGB-v2-preprod-eu-west-1,1153,2,138,2026-04-10 00:00:20+00:00,2026-04-16 22:58:26+00:00,2100870,True,False,0,576.5,0.1196877710320902,601086.0,0.0019181947341977688,5,300,6
scalr-automation/terraform-scalr-flat-mirror3,951,7,0,2026-04-10 03:44:27+00:00,2026-04-16 16:53:48+00:00,940789,False,False,1,135.85714285714286,0.0,565761.0,0.001680921802669325,5,299,3
amplify-github-test-hkg/Github-PR-Commit-Integration-Test-DoNotTouch-GitHubAutoBuildPrPreviewCanaryTest-v2-prod-ap-east-1,1133,2,131,2026-04-10 00:07:48+00:00,2026-04-16 22:51:29+00:00,2178255,True,False,0,566.5,0.11562224183583407,600221.0,0.0018876380533170282,5,294,6
aws-aemilia-arn/Github-PR-Commit-Integration-Test-DoNotTouch-Gith-RB7P4TGB-v2-preprod-eu-north-1,1134,2,74,2026-04-10 00:00:20+00:00,2026-04-16 22:58:54+00:00,1629695,True,False,0,567.0,0.06525573192239859,601114.0,0.0018864974031548092,5,293,6
itxashancode/Pull-Shark-Automation,292,1,292,2026-04-10 00:01:06+00:00,2026-04-16 22:09:30+00:00,283824,False,False,0,292.0,1.0,598104.0,0.0004882094083972018,1,292,6
aws-aemilia-kix/Github-PR-Commit-Integration-Test-DoNotTouch-GitH-MJCD6L4M-v2-prod-ap-northeast-3,1169,2,115,2026-04-10 00:02:04+00:00,2026-04-16 22:59:06+00:00,1965368,True,False,0,584.5,0.09837467921300257,601022.0,0.0019450203153961085,5,289,6
aws-aemilia-mxp/Github-PR-Commit-Integration-Test-DoNotTouch-Gith-RB7P4TGB-v2-preprod-eu-south-1,1205,2,114,2026-04-10 00:18:30+00:00,2026-04-16 22:51:08+00:00,2003501,True,False,0,602.5,0.0946058091286307,599558.0,0.0020098138962368946,5,289,6
gauravkhetan/ollama,403,1,0,2026-04-12 04:22:07+00:00,2026-04-12 04:59:16+00:00,236171,False,False,0,403.0,0.0,2229.0,0.18079856437864514,2,288,5
aws-aemilia-nrt/Github-PR-Commit-Integration-Test-DoNotTouch-GitH-MJCD6L4M-v2-prod-ap-northeast-1,1188,2,127,2026-04-10 00:27:54+00:00,2026-04-16 22:57:32+00:00,2069962,True,False,0,594.0,0.1069023569023569,599378.0,0.0019820547300701727,5,287,6
local-dev-appsec-org/elasticsearch-test,286,1,0,2026-04-16 16:41:22+00:00,2026-04-16 16:56:39+00:00,232770,False,False,1,286.0,0.0,917.0,0.311886586695747,1,286,5
quantified-uncertainty/longterm-wiki,1340,8,698,2026-04-10 01:03:40+00:00,2026-04-16 22:58:53+00:00,5024197,False,False,1,167.5,0.5208955223880597,597313.0,0.0022433799364822127,9,286,5
MINI-V-Android/platform_external_tagsoup,286,1,0,2026-04-13 03:27:47+00:00,2026-04-13 03:29:07+00:00,229612,False,False,1,286.0,0.0,80.0,3.575,1,286,5
aws-aemilia-sin/Github-PR-Commit-Integration-Test-DoNotTouch-GitH-MJCD6L4M-v2-prod-ap-southeast-1,1190,2,134,2026-04-10 00:09:50+00:00,2026-04-16 22:54:16+00:00,2125674,True,False,0,595.0,0.11260504201680673,600266.0,0.0019824544451959632,5,286,6
aws-aemilia-sfo/Github-PR-Commit-Integration-Test-DoNotTouch-Gith-RB7P4TGB-v2-preprod-us-west-1,1177,2,104,2026-04-10 00:00:48+00:00,2026-04-16 22:47:55+00:00,1890243,True,False,0,588.5,0.08836023789294817,600427.0,0.0019602716067065604,5,284,6
aws-aemilia-lhr/Github-PR-Commit-Integration-Test-DoNotTouch-GitHubAutoBuildPrPreviewCanaryTest-v2-prod-eu-west-2,1175,2,105,2026-04-10 00:03:25+00:00,2026-04-16 22:51:22+00:00,1962301,True,False,0,587.5,0.08936170212765958,600477.0,0.001956777695065756,5,284,6
GuruCICDCanary-Prod/CICDCanary,997,1,0,2026-04-10 00:00:57+00:00,2026-04-16 22:55:55+00:00,906641,False,False,1,997.0,0.0,600898.0,0.0016591834221448565,4,283,4
aws-aemilia-pdx/Github-PR-Commit-Integration-Test-DoNotTouch-GitH-MJCD6L4M-v2-preprod-us-west-2,1142,2,89,2026-04-10 00:15:51+00:00,2026-04-16 22:58:54+00:00,1734772,True,False,0,571.0,0.07793345008756568,600183.0,0.0019027529936702639,5,283,6
scalr-automation/terraform-scalr-flat,857,8,2,2026-04-10 03:23:39+00:00,2026-04-16 21:56:22+00:00,796910,False,False,1,107.125,0.002333722287047841,585163.0,0.0014645491939852657,5,283,3
MINI-V-Android/platform_external_tremolo,283,1,0,2026-04-13 03:32:54+00:00,2026-04-13 03:35:50+00:00,227479,False,False,1,283.0,0.0,176.0,1.6079545454545454,1,283,5
aws-aemilia-icn/Github-PR-Commit-Integration-Test-DoNotTouch-GitH-MJCD6L4M-v2-prod-ap-northeast-2,1134,2,101,2026-04-10 00:02:33+00:00,2026-04-16 22:59:12+00:00,1821625,True,False,0,567.0,0.0890652557319224,600999.0,0.0018868583807959748,5,283,6
camunda/camunda,2096,85,1153,2026-04-10 01:38:49+00:00,2026-04-16 22:52:04+00:00,4344978,False,False,1,24.658823529411766,0.5500954198473282,594795.0,0.003523903193537269,10,283,5
BrianCLong/summit,2114,8,892,2026-04-10 00:39:20+00:00,2026-04-13 21:35:06+00:00,7660291,False,False,0,264.25,0.4219489120151372,334546.0,0.006319011436394397,8,283,3
aws-aemilia-nrt/Github-PR-Commit-Integration-Test-DoNotTouch-Gith-RB7P4TGB-v2-prod-ap-northeast-1,1227,2,107,2026-04-10 00:12:54+00:00,2026-04-16 22:44:44+00:00,1982885,True,False,0,613.5,0.08720456397718011,599510.0,0.0020466714483494855,5,283,6
QCADevPreprod/qdo-canary-pullrequestscan-preprod-eu-north-1,1204,2,694,2026-04-10 00:00:57+00:00,2026-04-16 22:31:43+00:00,4033033,False,False,0,602.0,0.5764119601328903,599446.0,0.0020085212012424807,5,281,5
aws-aemilia-sin/Github-PR-Commit-Integration-Test-DoNotTouch-GitH-MJCD6L4M-v2-preprod-ap-southeast-1,1171,2,123,2026-04-10 00:02:07+00:00,2026-04-16 22:47:07+00:00,2068773,True,False,0,585.5,0.10503842869342442,600300.0,0.0019506913210061635,5,279,6
aws-aemilia-lhr/Github-PR-Commit-Integration-Test-DoNotTouch-Gith-RB7P4TGB-v2-prod-eu-west-2,1181,2,110,2026-04-10 00:18:39+00:00,2026-04-16 22:51:26+00:00,1909869,True,False,0,590.5,0.09314140558848434,599567.0,0.001969754839742681,5,279,6
aws-aemilia-pdx/Github-PR-Commit-Integration-Test-DoNotTouch-Gith-RB7P4TGB-v2-preprod-us-west-2,1162,2,92,2026-04-10 00:14:05+00:00,2026-04-16 22:45:51+00:00,1794330,True,False,0,581.0,0.07917383820998279,599506.0,0.0019382625027939671,5,279,6
aws-aemilia-arn/Github-PR-Commit-Integration-Test-DoNotTouch-GitHubAutoBuildPrPreviewCanaryTest-v2-prod-eu-north-1,1186,2,115,2026-04-10 00:06:41+00:00,2026-04-16 22:36:40+00:00,2058375,True,False,0,593.0,0.09696458684654301,599399.0,0.0019786486130273823,5,279,6
marcusquinn/aidevops,5402,16,1485,2026-04-10 00:07:09+00:00,2026-04-16 22:58:54+00:00,46692214,False,False,0,337.625,0.27489818585708997,600705.0,0.008992766832305375,10,279,3
MINI-V-Android/platform_external_tcpdump,279,1,0,2026-04-13 03:28:38+00:00,2026-04-13 03:30:43+00:00,224047,False,False,1,279.0,0.0,125.0,2.232,1,279,5
aws-aemilia-sin/Github-PR-Commit-Integration-Test-DoNotTouch-Gith-RB7P4TGB-v2-preprod-ap-southeast-1,1144,2,124,2026-04-10 00:02:11+00:00,2026-04-16 22:47:10+00:00,2047513,True,False,0,572.0,0.10839160839160839,600299.0,0.001905716984369456,5,278,6
aws-aemilia-arn/Github-PR-Commit-Integration-Test-DoNotTouch-Gith-RB7P4TGB-v2-prod-eu-north-1,1187,2,124,2026-04-10 00:06:51+00:00,2026-04-16 22:37:59+00:00,2037402,True,False,0,593.5,0.10446503791069923,599468.0,0.001980089012257535,5,277,6
EffortlessMetrics/perl-lsp,2341,8,681,2026-04-10 00:35:08+00:00,2026-04-16 22:48:50+00:00,12240333,False,False,1,292.625,0.29090132422041864,598422.0,0.00391195510860229,9,277,3
GuruCICDCanary-Prod-Release/CICDCanary,1044,1,0,2026-04-10 00:02:45+00:00,2026-04-16 22:47:54+00:00,999244,False,False,1,1044.0,0.0,600309.0,0.0017391043612539543,4,276,4
aws-aemilia-sfo/Github-PR-Commit-Integration-Test-DoNotTouch-GitHubAutoBuildPrPreviewCanaryTest-v2-prod-us-west-1,1151,2,113,2026-04-10 00:03:17+00:00,2026-04-16 22:35:25+00:00,2004531,True,False,0,575.5,0.09817549956559514,599528.0,0.0019198436103067746,5,276,6
MINI-V-Android/device_common,277,1,0,2026-04-13 02:39:58+00:00,2026-04-14 14:12:21+00:00,215531,False,False,1,277.0,0.0,127943.0,0.002165026613413786,1,276,4
aws-aemilia-cdg/Github-PR-Commit-Integration-Test-DoNotTouch-Gith-RB7P4TGB-v2-prod-eu-west-3,1160,2,118,2026-04-10 00:09:15+00:00,2026-04-16 22:54:01+00:00,1938042,True,False,0,580.0,0.10172413793103448,600286.0,0.0019324122168433047,5,276,6
aws-aemilia-fra/Github-PR-Commit-Integration-Test-DoNotTouch-Gith-RB7P4TGB-v2-prod-eu-central-1,1129,2,116,2026-04-10 00:06:15+00:00,2026-04-16 22:36:15+00:00,1904050,True,False,0,564.5,0.10274579273693533,599400.0,0.0018835502168835503,5,275,6
MINI-V-Android/platform_build_blueprint,275,1,0,2026-04-13 02:37:54+00:00,2026-04-13 02:41:24+00:00,221181,False,False,1,275.0,0.0,210.0,1.3095238095238095,1,275,5
QCADevPreprod/qdo-canary-pullrequestscan-preprod-eu-west-1,1178,2,677,2026-04-10 00:07:38+00:00,2026-04-16 22:51:53+00:00,3967122,False,False,0,589.0,0.5747028862478778,600255.0,0.0019624992711430975,5,274,5
QCADevPreprod/qdo-canary-pullrequestscan-preprod-us-east-1,1113,2,627,2026-04-10 00:04:59+00:00,2026-04-16 22:50:02+00:00,3684525,False,False,0,556.5,0.5633423180592992,600303.0,0.0018540636978325946,5,274,5
aws-aemilia-kix/Github-PR-Commit-Integration-Test-DoNotTouch-Gith-RB7P4TGB-v2-preprod-ap-northeast-3,1116,2,125,2026-04-10 00:00:07+00:00,2026-04-16 22:44:54+00:00,2034467,True,False,0,558.0,0.11200716845878136,600287.0,0.001859110725369698,5,274,6
MINI-V-Android/platform_external_libchrome,274,1,0,2026-04-13 03:12:39+00:00,2026-04-14 01:59:45+00:00,221922,False,False,1,274.0,0.0,82026.0,0.003340404262063248,1,274,4
aws-aemilia-cmh/Github-PR-Commit-Integration-Test-DoNotTouch-GitH-MJCD6L4M-v2-preprod-us-east-2,1147,2,109,2026-04-10 00:00:32+00:00,2026-04-16 22:15:44+00:00,1894623,True,False,0,573.5,0.0950305143853531,598512.0,0.0019164193867457963,5,273,6
aws-aemilia-mxp/Github-PR-Commit-Integration-Test-DoNotTouch-GitH-MJCD6L4M-v2-preprod-eu-south-1,1156,2,117,2026-04-10 00:03:25+00:00,2026-04-16 22:48:32+00:00,1964932,True,False,0,578.0,0.10121107266435986,600307.0,0.0019256813597042846,5,273,6
scalr-automation/terraform-scalr-flat-mirror5,883,7,0,2026-04-10 03:18:36+00:00,2026-04-16 20:04:54+00:00,861432,False,False,1,126.14285714285714,0.0,578778.0,0.0015256281337576757,5,273,3
aws-aemilia-iad/Github-PR-Commit-Integration-Test-DoNotTouch-GitH-MJCD6L4M-v2-preprod-us-east-1,1138,2,118,2026-04-10 00:03:02+00:00,2026-04-16 22:48:00+00:00,1947925,True,False,0,569.0,0.10369068541300527,600298.0,0.0018957251231888162,5,272,6
QCADevPreprod/qdo-canary-pullrequestscan-preprod-us-west-2,1191,2,709,2026-04-10 00:01:06+00:00,2026-04-16 22:46:12+00:00,4108335,False,False,0,595.5,0.5952980688497062,600306.0,0.001983988166035322,5,272,5
aws-aemilia-pdx/Github-PR-Commit-Integration-Test-DoNotTouch-Gith-RB7P4TGB-v2-beta-us-west-2,1202,2,130,2026-04-10 00:13:44+00:00,2026-04-16 22:58:48+00:00,2087094,True,False,0,601.0,0.10815307820299501,600304.0,0.0020023188251286016,5,271,6
QCADevPreprod/qdo-canary-pullrequestscan-preprod-ap-northeast-1,1150,2,666,2026-04-10 00:06:33+00:00,2026-04-16 22:50:43+00:00,3918900,False,False,0,575.0,0.5791304347826087,600250.0,0.0019158683881715952,5,271,5
prawn-test-staging-rw/mergequeue_service_test_commit_status,642,2,642,2026-04-10 18:50:49+00:00,2026-04-16 22:30:11+00:00,686150,False,False,1,321.0,1.0,531562.0,0.0012077612771417068,5,271,5
aws-aemilia-kix/Github-PR-Commit-Integration-Test-DoNotTouch-GitH-MJCD6L4M-v2-preprod-ap-northeast-3,1169,2,114,2026-04-10 00:02:35+00:00,2026-04-16 22:57:58+00:00,1989095,True,False,0,584.5,0.09751924721984602,600923.0,0.001945340750811668,5,271,6
aws-aemilia-dub/Github-PR-Commit-Integration-Test-DoNotTouch-GitH-MJCD6L4M-v2-preprod-eu-west-1,1118,2,125,2026-04-10 00:00:36+00:00,2026-04-16 22:59:42+00:00,1973324,True,False,0,559.0,0.11180679785330948,601146.0,0.0018597811513342848,5,271,6
aws-aemilia-lhr/Github-PR-Commit-Integration-Test-DoNotTouch-GitH-MJCD6L4M-v2-preprod-eu-west-2,1160,2,113,2026-04-10 00:02:11+00:00,2026-04-16 22:47:16+00:00,1938347,True,False,0,580.0,0.09741379310344828,600305.0,0.0019323510548804358,5,271,6
MINI-V-Android/platform_external_libcap-ng,270,1,0,2026-04-13 03:10:31+00:00,2026-04-13 03:11:48+00:00,218230,False,False,1,270.0,0.0,77.0,3.5064935064935066,1,270,5
aws-aemilia-nrt/Github-PR-Commit-Integration-Test-DoNotTouch-GitH-MJCD6L4M-v2-preprod-ap-northeast-1,1168,2,127,2026-04-10 00:01:29+00:00,2026-04-16 22:48:21+00:00,2074574,True,False,0,584.0,0.10873287671232877,600412.0,0.0019453308728006769,5,270,6
aws-aemilia-arn/Github-PR-Commit-Integration-Test-DoNotTouch-GitH-MJCD6L4M-v2-preprod-eu-north-1,1121,2,106,2026-04-10 00:00:21+00:00,2026-04-16 22:59:00+00:00,1849613,True,False,0,560.5,0.09455842997323818,601119.0,0.001864855378053264,5,270,6
amplify-github-test-hkg/Github-PR-Commit-Integration-Test-DoNotTouch-Gith-RB7P4TGB-v2-preprod-ap-east-1,1146,2,120,2026-04-10 00:05:15+00:00,2026-04-16 22:46:47+00:00,2052805,True,False,0,573.0,0.10471204188481675,600092.0,0.001909707178232671,5,269,6
aws-aemilia-cmh/Github-PR-Commit-Integration-Test-DoNotTouch-Gith-RB7P4TGB-v2-preprod-us-east-2,1119,2,103,2026-04-10 00:02:19+00:00,2026-04-16 22:46:44+00:00,1818443,True,False,0,559.5,0.09204647006255585,600265.0,0.0018641766553105712,5,269,6
ClickHouse/ClickHouse,2010,140,744,2026-04-10 00:02:44+00:00,2026-04-16 22:57:10+00:00,6068519,False,False,1,14.357142857142858,0.3701492537313433,600866.0,0.0033451718020323998,11,269,3
MINI-V-Android/platform_dalvik,269,1,0,2026-04-13 02:40:49+00:00,2026-04-14 14:12:13+00:00,211313,False,False,1,269.0,0.0,127884.0,0.002103468768571518,1,269,4
aws-aemilia-bom/Github-PR-Commit-Integration-Test-DoNotTouch-GitHubAutoBuildPrPreviewCanaryTest-v2-prod-ap-south-1,1165,2,135,2026-04-10 00:12:16+00:00,2026-04-16 22:57:12+00:00,2189638,True,False,0,582.5,0.11587982832618025,600296.0,0.0019407092501032824,5,268,6
aws-aemilia-syd/Github-PR-Commit-Integration-Test-DoNotTouch-GitH-MJCD6L4M-v2-prod-ap-southeast-2,1138,2,124,2026-04-10 00:02:11+00:00,2026-04-16 22:47:38+00:00,2008324,True,False,0,569.0,0.10896309314586995,600327.0,0.0018956335463838874,5,268,6
aws-aemilia-bom/Github-PR-Commit-Integration-Test-DoNotTouch-GitH-MJCD6L4M-v2-preprod-ap-south-1,1132,2,122,2026-04-10 00:03:16+00:00,2026-04-16 22:49:41+00:00,1976950,True,False,0,566.0,0.10777385159010601,600385.0,0.0018854568318662191,5,268,6
MINI-V-Android/device_generic_x86_64,268,1,0,2026-04-13 02:43:20+00:00,2026-04-14 01:46:32+00:00,213334,False,False,1,268.0,0.0,82992.0,0.00322922691343744,1,268,4
aws-aemilia-syd/Github-PR-Commit-Integration-Test-DoNotTouch-Gith-RB7P4TGB-v2-preprod-ap-southeast-2,1105,2,98,2026-04-10 00:13:39+00:00,2026-04-16 22:58:42+00:00,1810233,True,False,0,552.5,0.08868778280542987,600303.0,0.0018407370944339774,5,267,6
hitenreddy/SuperAgent,267,1,0,2026-04-14 19:16:05+00:00,2026-04-14 19:17:56+00:00,157881,False,False,0,267.0,0.0,111.0,2.4054054054054053,1,267,5
aws-aemilia-kix/Github-PR-Commit-Integration-Test-DoNotTouch-Gith-RB7P4TGB-v2-prod-ap-northeast-3,1116,2,115,2026-04-10 00:01:48+00:00,2026-04-16 22:59:08+00:00,1915067,True,False,0,558.0,0.10304659498207885,601040.0,0.0018567815785970985,5,267,6
aws-aemilia-yul/Github-PR-Commit-Integration-Test-DoNotTouch-Gith-RB7P4TGB-v2-preprod-ca-central-1,1074,2,103,2026-04-10 00:14:20+00:00,2026-04-16 22:43:36+00:00,1798481,True,False,0,537.0,0.09590316573556797,599356.0,0.001791923331041985,5,267,6
aws-aemilia-icn/Github-PR-Commit-Integration-Test-DoNotTouch-GitH-MJCD6L4M-v2-preprod-ap-northeast-2,1138,2,119,2026-04-10 00:01:14+00:00,2026-04-16 22:48:28+00:00,1989956,True,False,0,569.0,0.10456942003514938,600434.0,0.0018952957360842324,5,266,6
aws-aemilia-nrt/Github-PR-Commit-Integration-Test-DoNotTouch-Gith-RB7P4TGB-v2-preprod-ap-northeast-1,1191,2,136,2026-04-10 00:01:31+00:00,2026-04-16 22:47:49+00:00,2179370,True,False,0,595.5,0.11418975650713686,600378.0,0.0019837502373504694,5,266,6
aws-aemilia-cdg/Github-PR-Commit-Integration-Test-DoNotTouch-GitH-MJCD6L4M-v2-preprod-eu-west-3,1125,2,119,2026-04-10 00:03:11+00:00,2026-04-16 22:33:11+00:00,1947071,True,False,0,562.5,0.10577777777777778,599400.0,0.0018768768768768769,5,266,6
aws-aemilia-iad/Github-PR-Commit-Integration-Test-DoNotTouch-Gith-RB7P4TGB-v2-preprod-us-east-1,1125,2,122,2026-04-10 00:18:01+00:00,2026-04-16 22:48:00+00:00,1972576,True,False,0,562.5,0.10844444444444444,599399.0,0.0018768800081414884,5,266,6
amplify-github-test-hkg/Github-PR-Commit-Integration-Test-DoNotTouch-GitH-MJCD6L4M-v2-preprod-ap-east-1,1171,2,92,2026-04-10 00:01:40+00:00,2026-04-16 22:46:39+00:00,1876514,True,False,0,585.5,0.07856532877882152,600299.0,0.0019506945705390147,5,265,6
GuruCICDCanary-Beta/CICDCanary,978,1,0,2026-04-10 00:11:46+00:00,2026-04-16 22:41:48+00:00,886317,False,False,1,978.0,0.0,599402.0,0.0016316261874334754,4,265,4
aws-aemilia-sfo/Github-PR-Commit-Integration-Test-DoNotTouch-Gith-RB7P4TGB-v2-prod-us-west-1,1138,2,119,2026-04-10 00:03:19+00:00,2026-04-16 22:48:08+00:00,1938346,True,False,0,569.0,0.10456942003514938,600289.0,0.001895753545375644,5,264,6
aws-aemilia-pdx/Github-PR-Commit-Integration-Test-DoNotTouch-GitHubAutoBuildPrPreviewCanaryTest-v2-beta-us-west-2,1201,2,138,2026-04-10 00:12:21+00:00,2026-04-16 22:58:48+00:00,2267255,True,False,0,600.5,0.11490424646128226,600387.0,0.0020003764238732684,5,264,6
aws-aemilia-sin/Github-PR-Commit-Integration-Test-DoNotTouch-Gith-RB7P4TGB-v2-prod-ap-southeast-1,1167,2,120,2026-04-10 00:07:28+00:00,2026-04-16 22:53:37+00:00,2008960,True,False,0,583.5,0.10282776349614396,600369.0,0.0019438045601954798,5,264,6
MINI-V-Android/device_generic_goldfish-opengl,264,1,0,2026-04-13 02:43:13+00:00,2026-04-13 02:47:05+00:00,215228,False,False,1,264.0,0.0,232.0,1.1379310344827587,1,264,5
QCADevPreprod/qdo-canary-pullrequestscan-preprod-ap-southeast-2,1147,2,649,2026-04-10 00:06:20+00:00,2026-04-16 22:52:25+00:00,3949039,False,False,0,573.5,0.5658238884045336,600365.0,0.001910504443130429,5,263,5
zcanann/FFCC-Decomp,1021,7,237,2026-04-10 00:59:15+00:00,2026-04-16 22:59:59+00:00,1545454,False,False,0,145.85714285714286,0.23212536728697356,597644.0,0.0017083748853832716,5,263,3
JuliaRegistries/General,1213,19,104,2026-04-10 00:08:24+00:00,2026-04-16 22:18:00+00:00,2121931,False,False,1,63.8421052631579,0.08573784006595218,598176.0,0.0020278312737388327,6,263,3
aws-aemilia-mxp/Github-PR-Commit-Integration-Test-DoNotTouch-Gith-RB7P4TGB-v2-prod-eu-south-1,1159,2,124,2026-04-10 00:00:16+00:00,2026-04-16 22:47:05+00:00,1977650,True,False,0,579.5,0.10698878343399482,600409.0,0.0019303508108639278,5,263,6
aws-aemilia-yul/Github-PR-Commit-Integration-Test-DoNotTouch-GitH-MJCD6L4M-v2-prod-ca-central-1,1106,2,102,2026-04-10 00:10:00+00:00,2026-04-16 22:54:50+00:00,1802248,True,False,0,553.0,0.0922242314647378,600290.0,0.001842442819304003,5,262,6
aws-aemilia-syd/Github-PR-Commit-Integration-Test-DoNotTouch-GitH-MJCD6L4M-v2-preprod-ap-southeast-2,1124,2,87,2026-04-10 00:00:43+00:00,2026-04-16 22:58:42+00:00,1745507,True,False,0,562.0,0.07740213523131673,601079.0,0.0018699705030453568,5,262,6
MINI-V-Android/platform_external_iptables,261,1,0,2026-04-13 03:02:04+00:00,2026-04-13 03:06:25+00:00,209957,False,False,1,261.0,0.0,261.0,1.0,1,261,5
kubestellar/console,5621,28,2890,2026-04-10 00:08:13+00:00,2026-04-16 22:53:31+00:00,29591953,False,False,1,200.75,0.5141433908557196,600318.0,0.00936337074683751,10,261,5
QCADevPreprod/qdo-canary-pullrequestscan-preprod-ap-southeast-1,1137,2,673,2026-04-10 00:06:36+00:00,2026-04-16 22:37:26+00:00,3875683,False,False,0,568.5,0.5919085312225154,599450.0,0.001896738677120694,5,261,5
scalr-automation/terraform-scalr-flat-mirror2,819,8,1,2026-04-10 03:18:00+00:00,2026-04-16 18:16:11+00:00,776306,False,False,1,102.375,0.001221001221001221,572291.0,0.001431090127225485,5,261,3
MINI-V-Android/device_generic_x86,261,1,0,2026-04-13 02:43:08+00:00,2026-04-13 02:44:15+00:00,206525,False,False,1,261.0,0.0,67.0,3.8955223880597014,1,261,5
aws-aemilia-iad/Github-PR-Commit-Integration-Test-DoNotTouch-Gith-RB7P4TGB-v2-gamma-us-east-1,1181,2,118,2026-04-10 00:02:48+00:00,2026-04-16 22:49:04+00:00,2005714,True,False,0,590.5,0.09991532599491956,600376.0,0.0019671006169467136,5,261,6
Tashima-Tarsh/NousResearch,261,2,0,2026-04-10 14:09:30+00:00,2026-04-14 18:36:48+00:00,163099,False,False,0,130.5,0.0,361638.0,0.000721716191329451,2,260,3
aws-aemilia-sfo/Github-PR-Commit-Integration-Test-DoNotTouch-GitH-MJCD6L4M-v2-preprod-us-west-1,1155,2,113,2026-04-10 00:00:46+00:00,2026-04-16 22:47:35+00:00,1931920,True,False,0,577.5,0.09783549783549783,600409.0,0.0019236886855460195,5,260,6
aws-aemilia-yul/Github-PR-Commit-Integration-Test-DoNotTouch-Gith-RB7P4TGB-v2-prod-ca-central-1,1124,2,122,2026-04-10 00:10:00+00:00,2026-04-16 22:57:23+00:00,1966182,True,False,0,562.0,0.10854092526690391,600443.0,0.0018719512093570913,5,260,6
aws-aemilia-pdx/Github-PR-Commit-Integration-Test-DoNotTouch-Gith-RB7P4TGB-v2-prod-us-west-2,1212,2,132,2026-04-10 00:12:09+00:00,2026-04-16 22:58:24+00:00,2090424,True,False,0,606.0,0.10891089108910891,600375.0,0.002018738288569644,5,260,6
aws-aemilia-fra/Github-PR-Commit-Integration-Test-DoNotTouch-GitH-MJCD6L4M-v2-prod-eu-central-1,1142,2,107,2026-04-10 00:22:49+00:00,2026-04-16 22:52:27+00:00,1857081,True,False,0,571.0,0.09369527145359019,599378.0,0.0019053085031482636,5,259,6
aws-aemilia-fra/Github-PR-Commit-Integration-Test-DoNotTouch-Gith-RB7P4TGB-v2-preprod-eu-central-1,1225,2,131,2026-04-10 00:12:32+00:00,2026-04-16 22:44:16+00:00,2178603,True,False,0,612.5,0.10693877551020409,599504.0,0.0020433558408284183,5,259,6
amplify-github-test-hkg/Github-PR-Commit-Integration-Test-DoNotTouch-Gith-RB7P4TGB-v2-prod-ap-east-1,1147,2,121,2026-04-10 00:08:29+00:00,2026-04-16 22:53:26+00:00,2022244,True,False,0,573.5,0.1054925893635571,600297.0,0.0019107208598410455,5,259,6
MINI-V-Android/device_sample,258,1,0,2026-04-13 02:46:40+00:00,2026-04-14 01:49:19+00:00,201216,False,False,1,258.0,0.0,82959.0,0.0031099699851733988,1,258,4
aws-aemilia-bom/Github-PR-Commit-Integration-Test-DoNotTouch-Gith-RB7P4TGB-v2-prod-ap-south-1,1173,2,128,2026-04-10 00:12:15+00:00,2026-04-16 22:57:11+00:00,2034876,True,False,0,586.5,0.10912190963341858,600296.0,0.001954036008902275,5,258,6
aws-aemilia-syd/Github-PR-Commit-Integration-Test-DoNotTouch-Gith-RB7P4TGB-v2-prod-ap-southeast-2,1141,2,123,2026-04-10 00:00:33+00:00,2026-04-16 22:46:54+00:00,1996347,True,False,0,570.5,0.10780017528483786,600381.0,0.0019004598746462662,5,258,6
MINI-V-Android/platform_developers_build,258,1,0,2026-04-13 02:42:14+00:00,2026-04-14 01:48:12+00:00,207666,False,False,1,258.0,0.0,83158.0,0.003102527718319344,1,258,4
lprior-repo/veloxide,1056,2,2,2026-04-10 14:32:48+00:00,2026-04-16 12:56:32+00:00,644929,False,False,0,528.0,0.001893939393939394,512624.0,0.002059989387933456,6,257,3
MINI-V-Android/platform_external_libavc,257,1,0,2026-04-13 03:10:07+00:00,2026-04-14 01:56:38+00:00,206705,False,False,1,257.0,0.0,81991.0,0.0031344903708943666,1,257,4
MINI-V-Android/platform_external_toybox,256,1,0,2026-04-13 03:32:20+00:00,2026-04-13 03:36:16+00:00,205824,False,False,1,256.0,0.0,236.0,1.0847457627118644,1,256,5
aws-aemilia-iad/Github-PR-Commit-Integration-Test-DoNotTouch-GitHubAutoBuildPrPreviewCanaryTest-v2-gamma-us-east-1,1116,2,120,2026-04-10 00:02:50+00:00,2026-04-16 22:32:17+00:00,2028006,True,False,0,558.0,0.10752688172043011,599367.0,0.0018619643724128957,5,255,6
rtoy/maxima,268,2,258,2026-04-11 21:13:56+00:00,2026-04-15 15:48:20+00:00,177562,False,False,0,134.0,0.9626865671641791,326064.0,0.0008219245301535895,2,254,5
QCADevPreprod/qdo-canary-pullrequestscan-preprod-eu-central-1,1193,2,680,2026-04-10 00:03:15+00:00,2026-04-16 22:47:54+00:00,4018636,False,False,0,596.5,0.5699916177703269,600279.0,0.001987409188060885,5,253,5
aws-aemilia-cmh/Github-PR-Commit-Integration-Test-DoNotTouch-GitHubAutoBuildPrPreviewCanaryTest-v2-prod-us-east-2,1134,2,111,2026-04-10 00:08:07+00:00,2026-04-16 22:53:42+00:00,1982772,True,False,0,567.0,0.09788359788359788,600335.0,0.001888945338852474,5,253,6
aws-aemilia-gru/Github-PR-Commit-Integration-Test-DoNotTouch-Gith-RB7P4TGB-v2-prod-sa-east-1,1111,2,123,2026-04-10 00:06:45+00:00,2026-04-16 22:53:00+00:00,1940099,True,False,0,555.5,0.11071107110711072,600375.0,0.001850510097855507,5,253,6
aws-aemilia-cmh/Github-PR-Commit-Integration-Test-DoNotTouch-Gith-RB7P4TGB-v2-prod-us-east-2,1116,2,119,2026-04-10 00:08:52+00:00,2026-04-16 22:53:27+00:00,1904848,True,False,0,558.0,0.10663082437275985,600275.0,0.0018591478905501644,5,253,6
aws-aemilia-pdx/Github-PR-Commit-Integration-Test-DoNotTouch-GitHubAutoBuildPrPreviewCanaryTest-v2-gamma-us-west-2,1054,2,96,2026-04-10 00:00:10+00:00,2026-04-16 22:30:19+00:00,1787376,True,False,0,527.0,0.09108159392789374,599409.0,0.0017583986893757017,5,253,6
aws-aemilia-icn/Github-PR-Commit-Integration-Test-DoNotTouch-Gith-RB7P4TGB-v2-preprod-ap-northeast-2,1098,2,114,2026-04-10 00:01:14+00:00,2026-04-16 22:48:29+00:00,1923959,True,False,0,549.0,0.10382513661202186,600435.0,0.0018286742111968822,5,253,6
aws-aemilia-dub/Github-PR-Commit-Integration-Test-DoNotTouch-Gith-RB7P4TGB-v2-prod-eu-west-1,1146,2,111,2026-04-10 00:01:08+00:00,2026-04-16 22:47:54+00:00,1877609,True,False,0,573.0,0.0968586387434555,600406.0,0.001908708440621846,5,253,6
aws-aemilia-gru/Github-PR-Commit-Integration-Test-DoNotTouch-Gith-RB7P4TGB-v2-preprod-sa-east-1,1117,2,118,2026-04-10 00:03:13+00:00,2026-04-16 22:46:03+00:00,1945513,True,False,0,558.5,0.10564010743061773,600170.0,0.001861139343852575,5,252,6
aws-aemilia-icn/Github-PR-Commit-Integration-Test-DoNotTouch-Gith-RB7P4TGB-v2-prod-ap-northeast-2,1069,2,89,2026-04-10 00:14:04+00:00,2026-04-16 22:59:08+00:00,1686131,True,False,0,534.5,0.0832553788587465,600304.0,0.0017807644126975667,5,252,6
aws-aemilia-iad/Github-PR-Commit-Integration-Test-DoNotTouch-GitHubAutoBuildPrPreviewCanaryTest-v2-prod-us-east-1,1152,2,105,2026-04-10 00:00:35+00:00,2026-04-16 22:59:22+00:00,1922865,True,False,0,576.0,0.09114583333333333,601127.0,0.001916400361321318,5,252,6
MINI-V-Android/platform_external_sonivox,252,1,0,2026-04-13 03:25:29+00:00,2026-04-13 03:29:12+00:00,202768,False,False,1,252.0,0.0,223.0,1.1300448430493273,1,252,5
aws-aemilia-gru/Github-PR-Commit-Integration-Test-DoNotTouch-GitHubAutoBuildPrPreviewCanaryTest-v2-prod-sa-east-1,1129,2,92,2026-04-10 00:06:45+00:00,2026-04-16 22:51:45+00:00,1837390,True,False,0,564.5,0.08148804251550044,600300.0,0.0018807263035149093,5,251,6
aws-aemilia-cdg/Github-PR-Commit-Integration-Test-DoNotTouch-GitHubAutoBuildPrPreviewCanaryTest-v2-prod-eu-west-3,1139,2,119,2026-04-10 00:09:16+00:00,2026-04-16 22:58:03+00:00,2028393,True,False,0,569.5,0.1044776119402985,600527.0,0.0018966674271098552,5,250,6
CE1CECL/caf-ims,250,1,0,2026-04-14 15:30:48+00:00,2026-04-14 15:31:45+00:00,143526,False,False,0,250.0,0.0,57.0,4.385964912280702,1,250,5
aws-aemilia-gru/Github-PR-Commit-Integration-Test-DoNotTouch-GitH-MJCD6L4M-v2-preprod-sa-east-1,1117,2,112,2026-04-10 00:01:08+00:00,2026-04-16 22:48:02+00:00,1894345,True,False,0,558.5,0.10026857654431513,600414.0,0.001860383002395014,5,249,6
aws-aemilia-iad/Github-PR-Commit-Integration-Test-DoNotTouch-Gith-RB7P4TGB-v2-prod-us-east-1,1104,2,110,2026-04-10 00:14:17+00:00,2026-04-16 22:59:17+00:00,1830798,True,False,0,552.0,0.09963768115942029,600300.0,0.0018390804597701149,5,248,6
aws-aemilia-lhr/Github-PR-Commit-Integration-Test-DoNotTouch-Gith-RB7P4TGB-v2-preprod-eu-west-2,1155,2,115,2026-04-10 00:02:09+00:00,2026-04-16 22:49:17+00:00,1967281,True,False,0,577.5,0.09956709956709957,600428.0,0.0019236278121606586,5,248,6
SkyeWang2023/vim-test-pr,781,2,214,2026-04-10 05:59:01+00:00,2026-04-16 14:12:11+00:00,1543779,False,False,0,390.5,0.2740076824583867,547990.0,0.0014252084892060074,7,248,3
MINI-V-Android/platform_build_bazel_common_rules,247,1,0,2026-04-13 02:36:25+00:00,2026-04-13 02:37:39+00:00,207293,False,False,1,247.0,0.0,74.0,3.3378378378378377,1,247,5
aws-aemilia-cdg/Github-PR-Commit-Integration-Test-DoNotTouch-Gith-RB7P4TGB-v2-preprod-eu-west-3,1080,2,121,2026-04-10 00:03:10+00:00,2026-04-16 22:49:57+00:00,1913485,True,False,0,540.0,0.11203703703703703,600407.0,0.0017987798276835546,5,247,6
MINI-V-Android/platform_external_tinyxml2,247,1,0,2026-04-13 03:31:54+00:00,2026-04-13 03:34:34+00:00,199397,False,False,1,247.0,0.0,160.0,1.54375,1,247,5
aws-aemilia-bom/Github-PR-Commit-Integration-Test-DoNotTouch-Gith-RB7P4TGB-v2-preprod-ap-south-1,1090,2,124,2026-04-10 00:03:17+00:00,2026-04-16 22:50:17+00:00,1951956,True,False,0,545.0,0.11376146788990826,600420.0,0.0018153958895439858,5,247,6
QCADevPreprod/qdo-canary-pullrequestscan-preprod-us-east-2,1171,2,694,2026-04-10 00:01:07+00:00,2026-04-16 22:47:05+00:00,3968488,False,False,0,585.5,0.5926558497011102,600358.0,0.001950502866622915,5,246,5
aws-aemilia-yul/Github-PR-Commit-Integration-Test-DoNotTouch-GitH-MJCD6L4M-v2-preprod-ca-central-1,1131,2,117,2026-04-10 00:01:16+00:00,2026-04-16 22:57:15+00:00,1955313,True,False,0,565.5,0.10344827586206896,600959.0,0.0018819919495339948,5,245,6
aws-aemilia-pdx/Github-PR-Commit-Integration-Test-DoNotTouch-GitHubAutoBuildPrPreviewCanaryTest-v2-prod-us-west-2,1158,2,147,2026-04-10 00:12:13+00:00,2026-04-16 22:43:31+00:00,2265006,True,False,0,579.0,0.12694300518134716,599478.0,0.0019316805620890175,5,245,6
QCADevPreprod/qdo-canary-pullrequestscan-preprod-eu-west-2,1163,2,672,2026-04-10 00:06:20+00:00,2026-04-16 22:51:54+00:00,3926504,False,False,0,581.5,0.5778159931212382,600334.0,0.00193725492809003,5,245,5
aws-aemilia-dub/Github-PR-Commit-Integration-Test-DoNotTouch-GitHubAutoBuildPrPreviewCanaryTest-v2-prod-eu-west-1,1139,2,133,2026-04-10 00:16:14+00:00,2026-04-16 22:47:54+00:00,2128879,True,False,0,569.5,0.11676909569798069,599500.0,0.0018999165971643037,5,244,6
aws-aemilia-mxp/Github-PR-Commit-Integration-Test-DoNotTouch-GitHubAutoBuildPrPreviewCanaryTest-v2-prod-eu-south-1,1086,2,108,2026-04-10 00:00:12+00:00,2026-04-16 22:45:14+00:00,1902944,True,False,0,543.0,0.09944751381215469,600302.0,0.001809089424989422,5,244,6
MINI-V-Android/platform_external_squashfs-tools,243,1,0,2026-04-13 03:26:08+00:00,2026-04-13 03:30:14+00:00,198817,False,False,1,243.0,0.0,246.0,0.9878048780487805,1,243,5
MINI-V-Android/platform_external_selinux,242,1,0,2026-04-13 03:23:23+00:00,2026-04-13 03:27:33+00:00,194854,False,False,1,242.0,0.0,250.0,0.968,1,242,5
austindyoung/vscode-driftfence-mirror-fork,342,1,0,2026-04-10 01:09:03+00:00,2026-04-14 01:44:58+00:00,251164,False,False,0,342.0,0.0,347755.0,0.000983450992796653,3,242,4
MINI-V-Android/platform_external_strace,240,1,0,2026-04-13 03:27:40+00:00,2026-04-13 03:32:36+00:00,192618,False,False,1,240.0,0.0,296.0,0.8108108108108109,1,240,5
MINI-V-Android/platform_external_kernel-headers,240,1,0,2026-04-13 03:07:23+00:00,2026-04-14 01:55:39+00:00,195914,False,False,1,240.0,0.0,82096.0,0.002923406743324888,1,240,4
aws-aemilia-fra/Github-PR-Commit-Integration-Test-DoNotTouch-GitH-MJCD6L4M-v2-preprod-eu-central-1,1126,2,118,2026-04-10 00:12:32+00:00,2026-04-16 22:59:20+00:00,1976340,True,False,0,563.0,0.10479573712255773,600408.0,0.001875391400514317,5,240,6
MINI-V-Android/device_generic_arm64,238,1,0,2026-04-13 02:40:55+00:00,2026-04-14 14:12:30+00:00,188880,False,False,1,238.0,0.0,127895.0,0.0018609015207787637,1,238,4
getsentry/sentry,2028,120,415,2026-04-10 00:07:13+00:00,2026-04-16 22:59:33+00:00,3868178,False,False,1,16.9,0.20463510848126232,600740.0,0.0033758364683556946,10,238,3
dyutimoya/llama-android-build,238,1,0,2026-04-14 05:34:11+00:00,2026-04-14 05:43:50+00:00,146624,False,False,0,238.0,0.0,579.0,0.4110535405872193,2,237,5
MINI-V-Android/device_google_cuttlefish,236,1,0,2026-04-13 02:46:20+00:00,2026-04-14 01:49:56+00:00,190062,False,False,1,236.0,0.0,83016.0,0.002842825479425653,1,236,4
MINI-V-Android/platform_external_libbrillo,236,1,0,2026-04-13 03:10:07+00:00,2026-04-13 03:13:11+00:00,191430,False,False,1,236.0,0.0,184.0,1.2826086956521738,1,236,5
Jonge2828/aimashi,236,1,0,2026-04-10 13:59:37+00:00,2026-04-10 14:02:47+00:00,140746,False,False,0,236.0,0.0,190.0,1.2421052631578948,1,235,5
MINI-V-Android/platform_external_jarjar,235,1,0,2026-04-13 03:02:59+00:00,2026-04-13 03:04:13+00:00,188189,False,False,1,235.0,0.0,74.0,3.175675675675676,1,235,5
MINI-V-Android/device_generic_car,235,1,0,2026-04-13 02:42:08+00:00,2026-04-14 01:46:02+00:00,186063,False,False,1,235.0,0.0,83034.0,0.002830165956114363,1,235,4
divengine/paramaribo-info-2026,1350,1,0,2026-04-10 00:56:37+00:00,2026-04-16 21:55:42+00:00,1819582,False,False,1,1350.0,0.0,593945.0,0.002272937729924488,4,233,4
MINI-V-Android/platform_external_ksoap2,232,1,0,2026-04-13 03:09:02+00:00,2026-04-13 03:10:16+00:00,185848,False,False,1,232.0,0.0,74.0,3.135135135135135,1,232,5
scalr-automation/terraform-scalr-nested-mirror3,675,7,0,2026-04-10 03:23:13+00:00,2026-04-16 16:45:48+00:00,599046,False,False,1,96.42857142857143,0.0,566555.0,0.0011914112486872412,5,231,3
vl93/chatwoot,232,1,0,2026-04-14 08:41:12+00:00,2026-04-14 16:22:14+00:00,135524,False,False,0,232.0,0.0,27662.0,0.008386956836092835,2,229,4
MINI-V-Android/platform_external_sonic,228,1,0,2026-04-13 03:25:08+00:00,2026-04-13 03:26:17+00:00,182286,False,False,1,228.0,0.0,69.0,3.3043478260869565,1,228,5
MINI-V-Android/platform_external_toolchain-utils,228,1,0,2026-04-13 03:32:44+00:00,2026-04-13 03:37:56+00:00,187614,False,False,1,228.0,0.0,312.0,0.7307692307692307,1,228,5
CharaROMAndroid/android_platform_system_logging,446,1,0,2026-04-13 01:53:05+00:00,2026-04-13 02:45:43+00:00,364313,False,False,1,446.0,0.0,3158.0,0.14122862571247624,2,227,5
TechForce-Lyron0785/triton-inference-server-server,228,1,0,2026-04-12 00:14:39+00:00,2026-04-12 00:34:54+00:00,171264,False,False,0,228.0,0.0,1215.0,0.18765432098765433,2,227,5
MINI-V-Android/device_generic_armv7-a-neon,226,1,0,2026-04-13 02:41:43+00:00,2026-04-14 14:12:32+00:00,182938,False,False,1,226.0,0.0,127849.0,0.0017677103457985593,1,226,4
RediSearch/RediSearch,998,30,582,2026-04-10 05:12:34+00:00,2026-04-16 22:27:17+00:00,2433103,False,False,1,33.266666666666666,0.5831663326653307,580483.0,0.0017192579283114235,8,226,5
aws-aemilia-pdx/Github-PR-Commit-Integration-Test-DoNotTouch-Gith-RB7P4TGB-v2-gamma-us-west-2,1101,2,120,2026-04-10 00:00:16+00:00,2026-04-16 22:45:29+00:00,1911013,True,False,0,550.5,0.10899182561307902,600313.0,0.001834043240776062,5,225,6
MINI-V-Android/platform_external_tinyalsa,224,1,0,2026-04-13 03:30:39+00:00,2026-04-13 03:32:07+00:00,180430,False,False,1,224.0,0.0,88.0,2.5454545454545454,1,224,5
MINI-V-Android/platform_external_jsilver,224,1,0,2026-04-13 03:05:14+00:00,2026-04-14 05:06:37+00:00,179954,False,False,1,224.0,0.0,93683.0,0.0023910421314432715,1,224,4
0noxtackore/FluxOptimizer,227,1,0,2026-04-13 20:33:14+00:00,2026-04-13 22:24:32+00:00,195956,False,False,0,227.0,0.0,6678.0,0.03399221323749626,2,224,4
red-hat-data-services/rhods-operator,1519,9,1492,2026-04-10 01:13:42+00:00,2026-04-16 20:17:45+00:00,1570417,True,False,1,168.77777777777777,0.9822251481237656,587043.0,0.0025875446943409595,4,223,8
yoqer/AgenteDeep,223,2,1,2026-04-12 13:44:56+00:00,2026-04-12 13:47:11+00:00,125040,False,False,0,111.5,0.004484304932735426,135.0,1.651851851851852,1,223,4
MINI-V-Android/platform_external_speex,222,1,0,2026-04-13 03:25:50+00:00,2026-04-13 03:27:51+00:00,177498,False,False,1,222.0,0.0,121.0,1.834710743801653,1,222,5
zombiesis/frostdesk,222,1,0,2026-04-11 07:14:11+00:00,2026-04-11 07:48:51+00:00,139698,False,False,0,222.0,0.0,2080.0,0.10673076923076923,1,222,5
elastic/cloudbeat,1100,8,1026,2026-04-10 01:50:00+00:00,2026-04-16 22:58:20+00:00,1589335,False,False,1,137.5,0.9327272727272727,594500.0,0.0018502943650126156,7,222,5
scalr-automation/terraform-scalr-nested-mirror2,665,7,0,2026-04-10 08:00:22+00:00,2026-04-16 16:37:57+00:00,581517,False,False,1,95.0,0.0,549455.0,0.0012102901966494072,4,222,3
biswadeepmajumdar94-art/research-,221,1,0,2026-04-14 11:36:27+00:00,2026-04-14 11:46:15+00:00,146912,False,False,0,221.0,0.0,588.0,0.3758503401360544,1,220,5
MINI-V-Android/platform_external_javasqlite,219,1,0,2026-04-13 03:03:56+00:00,2026-04-14 05:04:49+00:00,177493,False,False,1,219.0,0.0,93653.0,0.0023384194846934963,1,219,4
scalr-automation/terraform-scalr-nested,625,9,0,2026-04-10 03:24:40+00:00,2026-04-16 17:00:23+00:00,543008,False,False,1,69.44444444444444,0.0,567343.0,0.0011016263530174869,4,217,3
MINI-V-Android/platform_external_iw,216,1,0,2026-04-13 03:01:52+00:00,2026-04-13 03:03:26+00:00,171330,False,False,1,216.0,0.0,94.0,2.297872340425532,1,216,5
MINI-V-Android/platform_external_jline,216,1,0,2026-04-13 03:05:04+00:00,2026-04-13 03:06:13+00:00,172802,False,False,1,216.0,0.0,69.0,3.130434782608696,1,216,5
mrveiss/AutoBot-AI,1097,4,123,2026-04-10 04:47:58+00:00,2026-04-16 20:54:30+00:00,2428279,True,False,0,274.25,0.11212397447584321,576392.0,0.0019032186428680482,8,215,6
MINI-V-Android/platform_external_junit,214,1,0,2026-04-13 03:06:52+00:00,2026-04-13 03:08:22+00:00,171244,False,False,1,214.0,0.0,90.0,2.3777777777777778,1,214,5
MINI-V-Android/platform_external_snakeyaml,213,1,0,2026-04-13 03:24:56+00:00,2026-04-13 03:27:51+00:00,172395,False,False,1,213.0,0.0,175.0,1.217142857142857,1,213,5
openai/codex,2990,653,421,2026-04-10 00:03:00+00:00,2026-04-16 22:59:47+00:00,9376793,False,False,1,4.578866768759571,0.14080267558528428,601007.0,0.004974983652436661,12,212,2
pytorch/pytorch,5729,251,3157,2026-04-10 00:07:36+00:00,2026-04-16 22:58:27+00:00,15024602,False,False,1,22.824701195219124,0.5510560307208937,600651.0,0.00953798462002061,11,212,5
paullauzon/connect,211,1,0,2026-04-10 17:05:50+00:00,2026-04-10 17:08:08+00:00,135413,False,False,0,211.0,0.0,138.0,1.5289855072463767,1,211,5
MINI-V-Android/platform_external_shflags,211,1,0,2026-04-13 03:23:23+00:00,2026-04-14 05:15:22+00:00,170199,False,False,1,211.0,0.0,93119.0,0.00226591780410013,1,211,4
redhat-appstudio-qe/hacbs-test-project-konflux-demo,669,5,485,2026-04-10 02:39:09+00:00,2026-04-16 22:02:00+00:00,612505,False,False,1,133.8,0.7249626307922272,588171.0,0.0011374243204782283,4,211,5
tensorflow/tensorflow,1314,57,1244,2026-04-10 00:24:17+00:00,2026-04-16 22:29:12+00:00,1557100,False,False,1,23.05263157894737,0.9467275494672754,597895.0,0.002197710300303565,8,210,5
MINI-V-Android/platform_external_javassist,210,1,0,2026-04-13 03:03:46+00:00,2026-04-13 03:04:45+00:00,169566,False,False,1,210.0,0.0,59.0,3.559322033898305,1,210,5
MINI-V-Android/platform_external_FXdiv,210,1,0,2026-04-13 02:46:05+00:00,2026-04-14 01:49:29+00:00,169062,False,False,1,210.0,0.0,83004.0,0.0025299985542865406,1,210,4
redhat-appstudio-qe/sample-multi-component,753,5,468,2026-04-10 02:38:50+00:00,2026-04-16 22:48:01+00:00,701737,False,False,1,150.6,0.6215139442231076,590951.0,0.0012742173208946258,4,210,5
Husninaazra/electron,209,1,0,2026-04-11 08:21:08+00:00,2026-04-11 08:45:09+00:00,126168,False,False,0,209.0,0.0,1441.0,0.1450381679389313,1,209,5
chinesealwex-eng/autogpt,209,1,0,2026-04-13 13:17:15+00:00,2026-04-13 13:21:09+00:00,148474,False,False,0,209.0,0.0,234.0,0.8931623931623932,1,209,5
MINI-V-Android/platform_external_jacoco,208,1,0,2026-04-13 03:02:24+00:00,2026-04-13 03:05:52+00:00,167176,False,False,1,208.0,0.0,208.0,1.0,1,208,5
MINI-V-Android/platform_external_jsoncpp,208,1,0,2026-04-13 03:06:06+00:00,2026-04-14 05:06:44+00:00,166740,False,False,1,208.0,0.0,93638.0,0.0022213204041094427,1,208,4
chatwork/dockerfiles,411,3,397,2026-04-10 00:17:05+00:00,2026-04-16 21:31:30+00:00,315186,False,False,1,137.0,0.9659367396593674,594865.0,0.0006909130643087087,4,207,5
Zycho1991/zycho1923,207,1,0,2026-04-15 08:13:28+00:00,2026-04-15 08:58:32+00:00,122843,False,False,0,207.0,0.0,2704.0,0.07655325443786982,1,207,4
MINI-V-Android/platform_external_testng,206,1,0,2026-04-13 03:29:05+00:00,2026-04-13 03:32:32+00:00,165586,False,False,1,206.0,0.0,207.0,0.9951690821256038,1,206,5
scalr-automation/terraform-scalr-nested-mirror1,529,7,0,2026-04-10 03:35:50+00:00,2026-04-16 18:22:38+00:00,455866,False,False,1,75.57142857142857,0.0,571608.0,0.0009254594057465956,4,206,3
MINI-V-Android/platform_external_kotlinc,205,1,0,2026-04-13 03:16:41+00:00,2026-04-14 02:09:28+00:00,165535,False,False,1,205.0,0.0,82367.0,0.0024888608301868466,1,205,4
anissyamimi1468-crypto/SkyBlue,205,1,0,2026-04-15 16:05:12+00:00,2026-04-15 16:07:51+00:00,127444,False,False,0,205.0,0.0,159.0,1.2893081761006289,1,205,5
MINI-V-Android/platform_external_slf4j,204,1,0,2026-04-13 03:24:47+00:00,2026-04-14 05:16:18+00:00,163404,False,False,1,204.0,0.0,93091.0,0.002191404109956924,1,204,4
lnminh241104-test3/claude-mem,204,1,204,2026-04-14 04:42:51+00:00,2026-04-14 09:57:37+00:00,222404,False,False,1,204.0,1.0,18886.0,0.010801652017367363,1,204,6
devantler-tech/ksail,1167,9,666,2026-04-10 00:09:41+00:00,2026-04-16 22:36:14+00:00,3167682,False,False,1,129.66666666666666,0.570694087403599,599193.0,0.0019476195482924534,10,202,5
aquaproj/aqua-registry,784,7,762,2026-04-10 11:07:02+00:00,2026-04-16 22:54:59+00:00,874058,False,False,1,112.0,0.9719387755102041,560877.0,0.0013978109282427342,7,202,5
MINI-V-Android/platform_external_seccomp-tests,201,1,0,2026-04-13 03:22:51+00:00,2026-04-13 03:23:44+00:00,165067,False,False,1,201.0,0.0,53.0,3.792452830188679,1,201,5
rkendel1/jitsi,201,1,0,2026-04-10 02:42:47+00:00,2026-04-10 02:59:05+00:00,114517,False,False,0,201.0,0.0,978.0,0.20552147239263804,1,201,5
agbaber/marblehead,822,1,0,2026-04-10 19:21:34+00:00,2026-04-16 22:59:19+00:00,627674,False,False,0,822.0,0.0,531465.0,0.0015466681719398267,5,200,4
brioche-dev/brioche-packages,378,3,288,2026-04-10 06:11:55+00:00,2026-04-16 22:00:31+00:00,376659,False,False,1,126.0,0.7619047619047619,575316.0,0.000657030223390276,5,200,5
NousResearch/hermes-agent,12427,10541,77,2026-04-10 00:00:39+00:00,2026-04-16 22:58:13+00:00,19416227,False,False,1,1.1789204060335832,0.00619618572463185,601054.0,0.020675346973815997,11,200,2
MINI-V-Android/platform_external_stressapptest,200,1,0,2026-04-13 03:26:46+00:00,2026-04-13 03:27:57+00:00,163052,False,False,1,200.0,0.0,71.0,2.816901408450704,1,200,5
MINI-V-Android/platform_external_jsmn,199,1,0,2026-04-13 03:05:45+00:00,2026-04-14 05:06:36+00:00,159057,False,False,1,199.0,0.0,93651.0,0.0021249105722309426,1,199,4
microsoft/vscode,3013,367,694,2026-04-10 00:00:05+00:00,2026-04-16 22:56:20+00:00,15261835,False,False,1,8.209809264305177,0.23033521407235313,600975.0,0.005013519697158784,10,199,2
MINI-V-Android/platform_external_sl4a,198,1,0,2026-04-13 03:23:52+00:00,2026-04-14 05:16:26+00:00,158950,False,False,1,198.0,0.0,93154.0,0.002125512592051871,1,198,4
scalr-automation/terraform-scalr-nested-mirror4,567,7,0,2026-04-10 03:19:51+00:00,2026-04-16 18:12:24+00:00,496519,False,False,1,81.0,0.0,571953.0,0.0009913401975337134,5,197,3
PeronGH/android-build-tools,196,1,0,2026-04-11 12:00:46+00:00,2026-04-11 12:06:43+00:00,126100,False,False,0,196.0,0.0,357.0,0.5490196078431373,1,196,5
MINI-V-Android/platform_external_jcommander,195,1,0,2026-04-13 03:04:40+00:00,2026-04-13 03:07:18+00:00,158083,False,False,1,195.0,0.0,158.0,1.2341772151898733,1,195,5
houwanyou-code/dify,194,1,0,2026-04-13 03:34:41+00:00,2026-04-13 03:41:10+00:00,121268,False,False,0,194.0,0.0,389.0,0.4987146529562982,1,194,5
dubaibai1/dify,201,2,9,2026-04-13 11:44:27+00:00,2026-04-13 11:54:23+00:00,119042,False,False,0,100.5,0.04477611940298507,596.0,0.337248322147651,3,194,4
MINI-V-Android/platform_external_kmod,193,1,0,2026-04-13 03:07:09+00:00,2026-04-13 03:10:33+00:00,154567,False,False,1,193.0,0.0,204.0,0.946078431372549,1,193,5
kovrus/opentelemetry-collector-contrib,822,2,822,2026-04-13 03:42:56+00:00,2026-04-14 07:00:14+00:00,1910063,False,False,0,411.0,1.0,98238.0,0.008367434190435473,4,193,5
MINI-V-Android/platform_external_jsr305,192,1,0,2026-04-13 03:06:44+00:00,2026-04-13 03:08:05+00:00,153970,False,False,1,192.0,0.0,81.0,2.3703703703703702,1,192,5
scalr-automation/opa-policy,524,7,0,2026-04-10 03:23:55+00:00,2026-04-16 16:44:56+00:00,446993,False,False,1,74.85714285714286,0.0,566461.0,0.0009250416180460791,4,191,3
dhavelock/backstage,488,1,0,2026-04-10 00:19:34+00:00,2026-04-16 20:48:40+00:00,347128,False,False,0,488.0,0.0,592146.0,0.0008241210782475943,3,190,4
OmniNode-ai/omniclaude,712,5,436,2026-04-10 01:44:54+00:00,2026-04-16 19:13:21+00:00,1598039,False,False,1,142.4,0.6123595505617978,581307.0,0.0012248261245778908,8,190,5
ashmeerjamil/Restaurant-Project,190,1,0,2026-04-12 03:44:32+00:00,2026-04-12 03:45:11+00:00,117498,False,False,0,190.0,0.0,39.0,4.871794871794871,1,190,5
austindyoung/grafana-driftfence-mirror-fork,288,1,0,2026-04-10 03:42:50+00:00,2026-04-14 00:02:33+00:00,243310,False,False,0,288.0,0.0,332383.0,0.0008664703068448146,3,190,4
perfectuser21/cecelia,592,2,115,2026-04-10 02:42:38+00:00,2026-04-16 14:48:07+00:00,927474,False,False,0,296.0,0.19425675675675674,561929.0,0.001053513878087801,5,188,3
scalr-automation/terraform-scalr-nested-mirror5,506,7,0,2026-04-10 03:19:45+00:00,2026-04-16 15:23:15+00:00,439849,False,False,1,72.28571428571429,0.0,561810.0,0.0009006603656040299,5,186,3
AceSeat/DebArmE2eTestRepo,3074,1,0,2026-04-10 13:46:25+00:00,2026-04-16 22:24:47+00:00,1917146,False,False,0,3074.0,0.0,549502.0,0.005594156163216876,3,185,4
NVIDIA-NeMo/Megatron-Bridge,787,38,195,2026-04-10 00:10:53+00:00,2026-04-16 22:27:54+00:00,1918741,False,False,1,20.710526315789473,0.24777636594663277,598621.0,0.0013146882585141518,9,183,3
MINI-V-Android/platform_external_javaparser,181,1,0,2026-04-13 03:03:12+00:00,2026-04-13 03:06:52+00:00,147349,False,False,1,181.0,0.0,220.0,0.8227272727272728,1,181,5
scsbot/spring-petclinic,626,1,0,2026-04-10 00:36:40+00:00,2026-04-16 13:34:41+00:00,421300,False,False,0,626.0,0.0,565081.0,0.0011078057835956262,4,180,4
ugoite/syu,700,6,362,2026-04-11 08:03:10+00:00,2026-04-16 18:26:47+00:00,1156951,False,False,1,116.66666666666667,0.5171428571428571,469417.0,0.0014912114388699173,8,180,5
MINI-V-Android/platform_external_jsr330,178,1,0,2026-04-13 03:06:34+00:00,2026-04-14 05:06:58+00:00,142564,False,False,1,178.0,0.0,93624.0,0.0019012219089122448,1,178,4
IgorGanapolsky/trading,482,8,361,2026-04-10 00:43:20+00:00,2026-04-16 22:20:58+00:00,454869,False,False,0,60.25,0.7489626556016598,596258.0,0.0008083748981145745,8,178,5
MINI-V-Android/platform_external_setupdesign,178,1,0,2026-04-13 03:22:46+00:00,2026-04-13 03:23:50+00:00,145558,False,False,1,178.0,0.0,64.0,2.78125,1,178,5
katakambing/shopize90xt,177,1,0,2026-04-15 18:39:50+00:00,2026-04-15 18:41:03+00:00,111160,False,False,0,177.0,0.0,73.0,2.4246575342465753,1,177,5
OPS-E2E-PPE/E2E_RepoSync_Public_PubDev_IntegrationTest,453,1,453,2026-04-10 02:05:22+00:00,2026-04-16 20:29:50+00:00,472457,True,False,1,453.0,1.0,584668.0,0.0007747986891706063,3,177,9
langgenius/dify,1660,333,845,2026-04-10 00:24:01+00:00,2026-04-16 22:55:52+00:00,5770883,False,False,1,4.984984984984985,0.5090361445783133,599511.0,0.002768923339188105,12,176,4
AceSeat/MacUniversalE2eTestRepo,3079,1,0,2026-04-10 12:22:10+00:00,2026-04-16 22:59:52+00:00,2045722,False,False,0,3079.0,0.0,556662.0,0.00553118409375887,3,176,4
MetaMask/metamask-extension,1483,90,605,2026-04-10 00:01:37+00:00,2026-04-16 22:59:47+00:00,6266740,False,False,1,16.477777777777778,0.4079568442346595,601090.0,0.0024671846146167796,10,175,3
MINI-V-Android/platform_external_libaom,174,1,0,2026-04-13 03:11:16+00:00,2026-04-13 03:13:05+00:00,141016,False,False,1,174.0,0.0,109.0,1.5963302752293578,1,174,5
MINI-V-Android/platform_external_libbackup,174,1,0,2026-04-13 03:09:52+00:00,2026-04-13 03:10:57+00:00,141282,False,False,1,174.0,0.0,65.0,2.6769230769230767,1,174,5
saschazepter/vscode,345,1,0,2026-04-10 02:01:06+00:00,2026-04-16 22:09:04+00:00,211049,False,False,0,345.0,0.0,590878.0,0.000583876874752487,2,174,4
MINI-V-Android/device_generic_trusty,173,1,0,2026-04-13 02:42:21+00:00,2026-04-13 02:43:20+00:00,138585,False,False,1,173.0,0.0,59.0,2.9322033898305087,1,173,5
nexty1982/prod-current,905,3,259,2026-04-10 18:00:37+00:00,2026-04-15 20:25:06+00:00,1770440,False,False,0,301.6666666666667,0.2861878453038674,440669.0,0.002053695630961107,6,172,3
AceSeat/Debx86E2eTestRepo,3021,1,0,2026-04-10 13:47:40+00:00,2026-04-16 22:29:41+00:00,1880387,False,False,0,3021.0,0.0,549721.0,0.005495514997607877,3,172,4
maryl-collab/API-Docs,172,1,0,2026-04-10 23:05:30+00:00,2026-04-10 23:08:02+00:00,107142,False,False,0,172.0,0.0,152.0,1.131578947368421,1,172,5
metabase/metabase,1322,90,209,2026-04-10 00:30:51+00:00,2026-04-16 22:57:30+00:00,3382473,False,False,1,14.688888888888888,0.15809379727685324,599199.0,0.002206278715418417,11,171,3
gravitational/teleport,1175,76,405,2026-04-10 00:03:46+00:00,2026-04-16 22:45:34+00:00,2500464,False,False,1,15.460526315789474,0.3446808510638298,600108.0,0.0019579808967719143,10,171,3
MINI-V-Android/platform_external_javapoet,170,1,0,2026-04-13 03:02:47+00:00,2026-04-14 05:04:40+00:00,137908,False,False,1,170.0,0.0,93713.0,0.0018140492781150961,1,170,4
MINI-V-Android/platform_external_FP16,169,1,0,2026-04-13 04:23:09+00:00,2026-04-14 14:16:16+00:00,135883,False,False,1,169.0,0.0,121987.0,0.0013853935255396066,1,169,4
MINI-V-Android/device_generic_art,169,1,0,2026-04-13 02:41:11+00:00,2026-04-14 14:12:36+00:00,134791,False,False,1,169.0,0.0,127885.0,0.0013214997849630527,1,169,4
nbifrye/myglab,168,1,0,2026-04-13 16:38:30+00:00,2026-04-14 00:05:29+00:00,95366,False,False,0,168.0,0.0,26819.0,0.00626421566799657,1,168,4
MINI-V-Android/platform_build_pesto,168,1,0,2026-04-13 02:37:27+00:00,2026-04-14 01:44:06+00:00,134278,False,False,1,168.0,0.0,83199.0,0.0020192550391230665,1,168,4
grafana/grafana,1693,196,442,2026-04-10 00:13:04+00:00,2026-04-16 22:45:16+00:00,4839194,False,False,1,8.637755102040817,0.2610750147666864,599532.0,0.0028238692847087393,11,167,2
CodePipelineTestOrg/TestRepo,504,1,0,2026-04-10 00:02:42+00:00,2026-04-16 15:29:29+00:00,425131,False,False,1,504.0,0.0,574007.0,0.0008780380727064304,3,167,4
AceSeat/Windowsx86E2eTestRepo,2941,1,0,2026-04-10 13:46:56+00:00,2026-04-16 22:33:28+00:00,1853728,False,False,0,2941.0,0.0,549992.0,0.005347350506916464,3,167,4
MINI-V-Android/platform_build_bazel,167,1,0,2026-04-13 02:36:56+00:00,2026-04-14 14:09:41+00:00,133147,False,False,1,167.0,0.0,127965.0,0.0013050443480639238,1,167,4
axiomofjoy/phoenix,226,1,226,2026-04-10 00:53:48+00:00,2026-04-16 22:23:17+00:00,167715,False,False,0,226.0,1.0,595769.0,0.00037934165758876344,2,167,6
rhtap-perf-test/nodejs-devfile-sample-stgrh01cs-jhutar-1-tenant,694,2,508,2026-04-10 00:01:21+00:00,2026-04-16 22:01:34+00:00,669276,False,False,1,347.0,0.7319884726224783,597613.0,0.0011612866520641285,4,167,5
MINI-V-Android/device_google_car,166,1,0,2026-04-13 02:44:16+00:00,2026-04-14 01:47:28+00:00,131578,False,False,1,166.0,0.0,82992.0,0.0020001927896664737,1,166,4
coralogix/opentelemetry-collector-contrib-old-fork,956,2,956,2026-04-13 03:53:03+00:00,2026-04-16 05:54:41+00:00,3496204,False,False,1,478.0,1.0,266498.0,0.0035872689476093627,5,165,5
MINI-V-Android/platform_external_jackson-annotations,165,1,0,2026-04-13 03:01:10+00:00,2026-04-13 03:02:01+00:00,137743,False,False,1,165.0,0.0,51.0,3.235294117647059,1,165,5
yemi33/minions,689,3,279,2026-04-10 00:01:28+00:00,2026-04-16 22:44:58+00:00,817797,False,False,0,229.66666666666666,0.40493468795355586,600210.0,0.0011479315572882824,8,164,3
cockroachdb/cockroach,1279,68,754,2026-04-10 00:03:39+00:00,2026-04-16 22:43:56+00:00,6569312,False,False,1,18.808823529411764,0.5895230648944488,600017.0,0.0021316062711556507,11,164,5
rhtap-perf-test/nodejs-devfile-sample-stgrh01cm-jhutar-1-tenant,722,2,515,2026-04-10 00:00:52+00:00,2026-04-16 22:16:17+00:00,701064,False,False,1,361.0,0.7132963988919667,598525.0,0.0012062988179274048,4,164,5
ashenmp4/membelizer,164,1,0,2026-04-15 18:41:47+00:00,2026-04-15 18:42:58+00:00,99862,False,False,0,164.0,0.0,71.0,2.3098591549295775,1,164,5
AgenticSecVulnRemediation/pygoat,276,2,181,2026-04-10 06:38:48+00:00,2026-04-16 15:06:23+00:00,260966,False,False,1,138.0,0.6557971014492754,548855.0,0.0005028650554335845,3,163,5
twentyhq/twenty,1163,133,465,2026-04-10 00:01:58+00:00,2026-04-16 22:55:12+00:00,2659857,False,False,1,8.74436090225564,0.3998280309544282,600794.0,0.0019357716621670655,10,162,2
rjwalters/lean-genius,1252,1,0,2026-04-10 18:51:05+00:00,2026-04-16 16:40:47+00:00,1122306,False,False,0,1252.0,0.0,510582.0,0.0024521036777638066,6,162,4
xipeng-jin/x1code,162,1,0,2026-04-10 02:42:23+00:00,2026-04-10 11:46:01+00:00,96458,False,False,0,162.0,0.0,32618.0,0.0049665828683548964,1,162,4
mallardduck/image-mirror,161,1,161,2026-04-10 09:24:56+00:00,2026-04-16 17:27:17+00:00,99659,False,False,0,161.0,1.0,547341.0,0.00029414935113576365,1,161,6
adrianmarcelino/linguagrab,3733,3,689,2026-04-13 18:35:21+00:00,2026-04-15 17:15:13+00:00,21288992,False,False,0,1244.3333333333333,0.18457005089740156,167992.0,0.022221296252202486,6,161,3
OptimusRank/TestWebsite,262,2,257,2026-04-10 01:40:17+00:00,2026-04-16 22:57:45+00:00,263028,False,False,1,131.0,0.9809160305343512,595048.0,0.0004403006144042161,2,161,5
marian13/ensure-source-branch-contains-destination-branch,378,4,348,2026-04-11 16:53:34+00:00,2026-04-12 19:15:07+00:00,316066,False,False,0,94.5,0.9206349206349206,94893.0,0.00398343397300117,7,161,5
HarrisonWAffel/image-mirror,160,1,160,2026-04-10 10:12:04+00:00,2026-04-16 18:12:13+00:00,100000,False,False,0,160.0,1.0,547209.0,0.00029239285172575746,1,160,6
mergifyio-testing/functional-testing-repo-sileht,495,2,392,2026-04-15 07:59:01+00:00,2026-04-16 22:59:52+00:00,548402,False,False,1,247.5,0.7919191919191919,140451.0,0.0035243608091078027,6,160,5
boteatudor1985-bit/hashcat,159,1,0,2026-04-16 20:20:46+00:00,2026-04-16 20:24:30+00:00,99710,False,False,0,159.0,0.0,224.0,0.7098214285714286,1,159,5
MINI-V-Android/platform_bootable_libbootloader,158,1,0,2026-04-13 02:40:11+00:00,2026-04-13 02:41:06+00:00,130046,False,False,1,158.0,0.0,55.0,2.8727272727272726,1,158,5
MINI-V-Android/platform_external_jimfs,170,2,17,2026-04-13 03:04:13+00:00,2026-04-14 05:08:55+00:00,149940,False,False,1,85.0,0.1,93882.0,0.0018107837498135958,2,158,3
MINI-V-Android/platform_external_jemalloc_new,157,1,0,2026-04-13 03:04:20+00:00,2026-04-14 05:06:12+00:00,128763,False,False,1,157.0,0.0,93712.0,0.0016753457401400035,1,157,4
dust-tt/dust,1033,37,86,2026-04-10 07:12:08+00:00,2026-04-16 22:51:09+00:00,1683357,False,False,1,27.91891891891892,0.08325266214908035,574741.0,0.0017973313196726873,10,157,3
jiaqiluo/image-mirror,156,1,156,2026-04-10 10:08:10+00:00,2026-04-16 18:09:29+00:00,95628,False,False,0,156.0,1.0,547279.0,0.0002850465667420091,1,156,6
opherlieber/sglang,157,1,0,2026-04-10 19:34:57+00:00,2026-04-10 21:49:41+00:00,95431,False,False,0,157.0,0.0,8084.0,0.0194210786739238,1,156,4
Ivy-Interactive/Ivy-Framework,802,18,6,2026-04-10 00:12:30+00:00,2026-04-16 18:55:54+00:00,1348480,False,False,1,44.55555555555556,0.007481296758104738,585804.0,0.0013690585929764904,9,156,3
MustafaFaroun/canvas-lms,157,1,0,2026-04-13 07:59:59+00:00,2026-04-13 08:33:02+00:00,95645,False,False,0,157.0,0.0,1983.0,0.07917297024710035,2,156,4
syamilnajhan/LMS,156,1,0,2026-04-14 10:49:41+00:00,2026-04-14 11:10:25+00:00,91516,False,False,0,156.0,0.0,1244.0,0.12540192926045016,1,156,5
cloudtestingph2/cloudrepo_test,386,1,0,2026-04-10 00:01:02+00:00,2026-04-16 21:42:38+00:00,240866,False,False,0,386.0,0.0,596496.0,0.0006471124701590622,3,156,4
hongbo-miao/hongbomiao.com,999,12,683,2026-04-10 04:37:42+00:00,2026-04-16 05:42:58+00:00,4595654,False,False,0,83.25,0.6836836836836837,522316.0,0.0019126352629442714,8,153,5
mateolaphaison/Excalidraw,152,1,0,2026-04-12 01:10:18+00:00,2026-04-12 01:12:49+00:00,94466,False,False,0,152.0,0.0,151.0,1.0066225165562914,1,152,5
epsil2/Ultralytics-yolo26,171,2,25,2026-04-14 17:17:01+00:00,2026-04-14 17:25:09+00:00,100434,False,False,0,85.5,0.14619883040935672,488.0,0.35040983606557374,2,152,4
xmu-csnoob/openclaw-office,491,1,0,2026-04-13 01:53:58+00:00,2026-04-14 14:18:38+00:00,492111,False,False,0,491.0,0.0,131080.0,0.0037458040891058895,5,152,4
MINI-V-Android/platform_external_junit-params,150,1,0,2026-04-13 03:06:52+00:00,2026-04-13 03:07:58+00:00,122680,False,False,1,150.0,0.0,66.0,2.272727272727273,1,150,5
SOVEREIGN-NET/The-Sovereign-Network,392,6,11,2026-04-10 10:36:04+00:00,2026-04-16 19:08:08+00:00,732028,False,False,1,65.33333333333333,0.02806122448979592,549124.0,0.0007138642638092671,8,149,3
openshift-cnv/cnv-fbc-payloads-new,647,4,556,2026-04-10 00:09:21+00:00,2026-04-16 22:08:22+00:00,585740,False,False,1,161.75,0.8593508500772797,597541.0,0.0010827708893615669,4,149,5
mexushiki/FraudIdentify,150,2,1,2026-04-12 05:06:14+00:00,2026-04-12 05:08:53+00:00,86025,False,False,0,75.0,0.006666666666666667,159.0,0.9433962264150944,2,149,4
log-10x/gitops-demo,622,1,0,2026-04-14 14:00:49+00:00,2026-04-16 22:50:32+00:00,527340,False,False,1,622.0,0.0,204583.0,0.003040330819276284,4,148,4
ProofFleet/moltresearch,541,1,0,2026-04-10 00:33:46+00:00,2026-04-16 22:57:31+00:00,446623,False,False,1,541.0,0.0,599025.0,0.0009031342598389049,4,148,4
n8n-io/n8n,1288,349,450,2026-04-10 00:09:25+00:00,2026-04-16 22:35:15+00:00,3678844,False,False,1,3.69054441260745,0.34937888198757766,599150.0,0.0021497120921305183,10,147,2
ppakpoomm/openclaw,1049,3,1049,2026-04-10 04:10:26+00:00,2026-04-16 22:11:41+00:00,739127,False,False,0,349.6666666666667,1.0,583275.0,0.0017984655608417985,6,147,5
hexagon-geo-surv/tensorflow,162,1,162,2026-04-12 01:56:04+00:00,2026-04-12 02:01:59+00:00,135690,False,False,1,162.0,1.0,355.0,0.4563380281690141,2,146,7
MINI-V-Android/platform_external_shaderc_spirv-headers,145,1,0,2026-04-13 03:23:13+00:00,2026-04-13 03:24:11+00:00,121259,False,False,1,145.0,0.0,58.0,2.5,1,145,5
dipper-github-preprod/report-individual-builds-batch-list,309,1,0,2026-04-10 00:12:36+00:00,2026-04-16 22:29:51+00:00,232716,False,False,0,309.0,0.0,598635.0,0.0005161742965245935,3,145,4
rhtap-perf-test/libecpg-srcfedora-fork-fedorap01rm-konflux-perfscale-tenant,626,2,439,2026-04-10 00:20:20+00:00,2026-04-16 22:57:11+00:00,627317,False,False,1,313.0,0.7012779552715654,599811.0,0.001043662086890704,4,145,5
kipyin/grace-notes,742,3,51,2026-04-10 00:18:13+00:00,2026-04-16 22:57:15+00:00,1453233,False,False,0,247.33333333333334,0.06873315363881402,599942.0,0.0012367862226681913,8,145,3
OmniNode-ai/omnibase_infra,591,5,376,2026-04-10 08:39:26+00:00,2026-04-16 13:25:53+00:00,1519479,False,False,1,118.2,0.6362098138747885,535587.0,0.0011034621826145892,7,144,5
ibrahimouedraogo211-arch/Execution,144,1,0,2026-04-14 19:49:28+00:00,2026-04-14 19:50:17+00:00,102830,False,False,0,144.0,0.0,49.0,2.938775510204082,1,144,5
anomalyco/opencode,2812,1061,897,2026-04-10 00:00:47+00:00,2026-04-16 22:58:53+00:00,9779048,False,False,1,2.650329877474081,0.3189900426742532,601086.0,0.004678199126248158,11,143,2
kanta13jp1/my_web_app,529,3,234,2026-04-10 00:03:46+00:00,2026-04-16 22:48:19+00:00,711205,False,False,0,176.33333333333334,0.44234404536862004,600273.0,0.0008812656907773629,9,142,3
MINI-V-Android/platform_external_tpm2-tss,142,1,0,2026-04-13 03:31:47+00:00,2026-04-13 03:34:30+00:00,115282,False,False,1,142.0,0.0,163.0,0.8711656441717791,1,142,5
ai-dynamo/dynamo,1682,84,785,2026-04-10 00:02:29+00:00,2026-04-16 22:58:56+00:00,4684817,False,False,1,20.023809523809526,0.4667063020214031,600987.0,0.002798729423431788,10,142,3
IgorGanapolsky/ThumbGate,878,9,399,2026-04-10 00:01:59+00:00,2026-04-16 22:28:59+00:00,1829131,False,False,0,97.55555555555556,0.4544419134396355,599220.0,0.0014652381429191281,11,141,3
aharonyaircohen/Kody-Engine-Tester,3437,3,450,2026-04-10 00:00:07+00:00,2026-04-16 04:26:31+00:00,15164844,False,False,0,1145.6666666666667,0.13092813500145475,534384.0,0.006431704542052157,6,141,3
trilitech/octez-manager,259,3,0,2026-04-10 07:50:17+00:00,2026-04-16 14:54:06+00:00,217681,False,False,1,86.33333333333333,0.0,543829.0,0.0004762526455926403,6,141,3
MINI-V-Android/platform_external_kotlinx.coroutines,140,1,0,2026-04-13 03:08:15+00:00,2026-04-14 01:56:59+00:00,116714,False,False,1,140.0,0.0,82124.0,0.0017047391749062393,1,140,4
hmrc/build-and-deploy-canary-service,566,1,0,2026-04-10 00:09:33+00:00,2026-04-16 22:39:33+00:00,500197,False,False,1,566.0,0.0,599400.0,0.0009442776109442776,4,140,4
ABZerra/spellbook-v2,313,1,0,2026-04-10 11:28:57+00:00,2026-04-10 18:51:14+00:00,177674,False,False,0,313.0,0.0,26537.0,0.011794852470136036,4,140,4
ryanklee/hapax-council,667,2,6,2026-04-10 04:44:04+00:00,2026-04-16 21:52:18+00:00,499740,False,False,0,333.5,0.008995502248875561,580094.0,0.0011498136508910626,5,139,3
replayio/app-building,4009,2,0,2026-04-10 00:00:23+00:00,2026-04-16 22:58:53+00:00,3213154,False,False,1,2004.5,0.0,601110.0,0.006669328409109813,3,138,3
MINI-V-Android/platform_external_jackson-core,138,1,0,2026-04-13 03:01:29+00:00,2026-04-13 03:03:57+00:00,113078,False,False,1,138.0,0.0,148.0,0.9324324324324325,1,138,5
imbhargav5/unbound.computer,518,7,70,2026-04-10 10:09:52+00:00,2026-04-16 21:14:13+00:00,788946,False,False,0,74.0,0.13513513513513514,558261.0,0.0009278814031429744,5,138,3
onyx-dot-app/onyx,1240,243,528,2026-04-10 00:04:22+00:00,2026-04-16 22:58:39+00:00,2997214,False,False,1,5.102880658436214,0.4258064516129032,600857.0,0.0020637189880454085,10,138,2
Prompt-Coder/Sandy-Map-Data,200,1,0,2026-04-10 00:22:08+00:00,2026-04-16 22:50:04+00:00,157895,False,False,0,200.0,0.0,599276.0,0.0003337360414900647,2,137,4
Tiernebre/zone-blitz,663,1,0,2026-04-12 19:35:25+00:00,2026-04-16 22:58:05+00:00,817219,False,False,0,663.0,0.0,357760.0,0.0018531976744186047,6,137,4
damien-robotsix/robotsix-cai,1942,2,67,2026-04-10 00:00:09+00:00,2026-04-16 22:31:33+00:00,10857732,True,False,0,971.0,0.0345005149330587,599484.0,0.00323945259589914,6,136,6
StefanMaron/BusinessCentral.AL.Runner,1220,9,10,2026-04-10 08:49:05+00:00,2026-04-16 22:58:40+00:00,3087207,False,False,0,135.55555555555554,0.00819672131147541,569375.0,0.0021427003293084525,11,136,3
openharmony/busmanager_usb_manager,138,1,0,2026-04-15 01:55:51+00:00,2026-04-15 01:57:29+00:00,112348,False,False,1,138.0,0.0,98.0,1.4081632653061225,1,136,5
JovieInc/Jovie,1678,11,1065,2026-04-10 00:01:53+00:00,2026-04-16 22:49:03+00:00,8598453,False,False,1,152.54545454545453,0.634684147794994,600430.0,0.002794663824259281,8,135,5
RDI-Foundation/MLE-bench-agentbeats-leaderboard,562,3,558,2026-04-10 03:19:01+00:00,2026-04-14 19:16:43+00:00,580410,False,False,1,187.33333333333334,0.9928825622775801,403062.0,0.0013943264311693983,4,134,5
Kensan196948G/ITSM-System,339,6,314,2026-04-10 01:01:46+00:00,2026-04-16 21:49:59+00:00,477058,False,False,0,56.5,0.9262536873156342,593293.0,0.0005713871560931951,8,134,5
MINI-V-Android/platform_external_tflite-support,134,1,0,2026-04-13 03:30:13+00:00,2026-04-13 03:30:59+00:00,110178,False,False,1,134.0,0.0,46.0,2.9130434782608696,1,134,5
MINI-V-Android/platform_external_kotlinx.atomicfu,134,1,0,2026-04-13 03:07:49+00:00,2026-04-14 01:55:31+00:00,110908,False,False,1,134.0,0.0,82062.0,0.0016329117009090688,1,134,4
rslcode/EpicMS,133,1,0,2026-04-14 00:00:53+00:00,2026-04-14 00:04:13+00:00,74653,False,False,0,133.0,0.0,200.0,0.665,1,133,5
ThyDrSlen/tomate,424,1,0,2026-04-11 05:47:58+00:00,2026-04-13 03:03:35+00:00,832530,False,False,0,424.0,0.0,162937.0,0.0026022327648109393,6,133,4
viamin/paid,1091,6,240,2026-04-10 00:05:40+00:00,2026-04-16 22:51:40+00:00,2867491,False,False,0,181.83333333333334,0.21998166819431714,600360.0,0.0018172429875408088,9,133,3
rstudio/shinycoreci,245,2,238,2026-04-10 00:30:15+00:00,2026-04-16 22:59:49+00:00,197285,False,False,1,122.5,0.9714285714285714,599374.0,0.0004087598060643271,4,132,5
golanglib/dependabot_botherer,560,3,560,2026-04-10 16:27:00+00:00,2026-04-16 17:01:57+00:00,615280,True,False,1,186.66666666666666,1.0,520497.0,0.0010758947698065503,5,132,8
haystackeditor/e2e-monitor-test,575,2,105,2026-04-10 00:02:05+00:00,2026-04-16 22:32:17+00:00,1226169,False,False,1,287.5,0.1826086956521739,599412.0,0.0009592734212861938,5,131,3
jain-av/mq-demo,477,4,341,2026-04-10 19:59:08+00:00,2026-04-16 22:59:57+00:00,681446,False,False,1,119.25,0.7148846960167715,529249.0,0.0009012770926350357,6,131,5
MINI-V-Android/platform_external_kotlinx.metadata,131,1,0,2026-04-13 03:08:08+00:00,2026-04-14 01:55:27+00:00,108413,False,False,1,131.0,0.0,82039.0,0.0015968015212277087,1,131,4
rhtap-perf-test/libecpg-srcfedora-fork-prdrh01rm-jhutar-1-tenant,574,2,386,2026-04-10 00:07:14+00:00,2026-04-16 22:59:48+00:00,548724,False,False,1,287.0,0.6724738675958188,600754.0,0.0009554659644380229,4,130,5
ohah/zts,739,2,114,2026-04-10 04:24:16+00:00,2026-04-16 18:35:47+00:00,3467449,False,False,0,369.5,0.15426251691474965,569491.0,0.001297650006760423,6,130,3
TechForce-Lyron0785/liveblocks,134,2,4,2026-04-10 02:12:54+00:00,2026-04-10 02:17:02+00:00,95150,False,False,0,67.0,0.029850746268656716,248.0,0.5403225806451613,3,130,4
MINI-V-Android/platform_external_jackson-databind,130,1,0,2026-04-13 03:02:11+00:00,2026-04-13 03:03:53+00:00,107528,False,False,1,130.0,0.0,102.0,1.2745098039215685,1,130,5
isaac-fang-if/aiconfigurator,129,1,0,2026-04-16 07:18:05+00:00,2026-04-16 07:18:41+00:00,84962,True,False,0,129.0,0.0,36.0,3.5833333333333335,1,129,8
Husninaazra/theai,129,1,0,2026-04-15 13:38:52+00:00,2026-04-15 13:41:17+00:00,76368,False,False,0,129.0,0.0,145.0,0.8896551724137931,1,129,5
choiceoh/phaeton,462,2,18,2026-04-10 00:03:05+00:00,2026-04-13 15:29:53+00:00,353820,False,False,0,231.0,0.03896103896103896,314808.0,0.0014675611801478997,5,128,3
openxla/xla,1059,22,1011,2026-04-10 00:04:06+00:00,2026-04-16 22:47:49+00:00,983982,False,False,1,48.13636363636363,0.9546742209631728,600223.0,0.001764344252052987,9,128,5
kibanamachine/kibana,163,19,1,2026-04-10 00:50:42+00:00,2026-04-16 21:55:07+00:00,101220,False,False,0,8.578947368421053,0.006134969325153374,594265.0,0.0002742884066872523,2,128,2
Miaxos/octokit-rs,518,1,518,2026-04-10 00:17:15+00:00,2026-04-16 22:57:23+00:00,331275,False,False,0,518.0,1.0,600008.0,0.0008633218223757016,3,127,6
pnz1990/kardinal-promoter,1463,3,45,2026-04-10 00:25:36+00:00,2026-04-16 22:51:55+00:00,4964827,False,False,0,487.6666666666667,0.030758714969241284,599179.0,0.0024416743577461825,6,127,3
Comfy-Org/ComfyUI_frontend,1422,38,612,2026-04-10 00:09:57+00:00,2026-04-16 22:51:05+00:00,6950670,False,False,1,37.421052631578945,0.43037974683544306,600068.0,0.0023697314304378836,10,127,3
shubhodeep1/coding-workflows,5817,5,96,2026-04-10 00:00:53+00:00,2026-04-16 22:58:15+00:00,16137084,False,False,0,1163.4,0.016503352243424446,601042.0,0.009678192206201896,8,127,3
TheSmuks/pike-lsp,1387,2,309,2026-04-10 00:01:49+00:00,2026-04-16 22:44:04+00:00,5658569,False,False,0,693.5,0.22278298485940878,600135.0,0.002311146658668466,7,127,3
hew-lang/hew,535,2,6,2026-04-10 00:13:50+00:00,2026-04-16 22:57:12+00:00,473244,False,False,1,267.5,0.011214953271028037,600202.0,0.0008913665732536713,8,126,3
rhtap-perf-test/nodejs-devfile-sample1-prdrh01cm-jhutar-1-tenant,563,2,372,2026-04-10 00:29:07+00:00,2026-04-16 22:06:09+00:00,543052,False,False,1,281.5,0.6607460035523979,596222.0,0.0009442791443455625,4,125,5
chromebrew/chromebrew,623,6,546,2026-04-10 00:35:53+00:00,2026-04-16 17:41:14+00:00,707362,False,False,1,103.83333333333333,0.8764044943820225,579921.0,0.0010742842559590014,7,124,5
SabreOSS/opentelemetry-collector-contrib,412,2,412,2026-04-13 23:52:34+00:00,2026-04-15 07:01:59+00:00,1390128,False,False,1,206.0,1.0,112165.0,0.003673160076672759,5,124,5
rhtap-perf-test/nodejs-devfile-sample2-prdrh03cs-jhutar-tenant,576,2,391,2026-04-10 00:01:18+00:00,2026-04-16 22:06:16+00:00,563168,False,False,1,288.0,0.6788194444444444,597898.0,0.0009633750238334966,4,124,5
eldikeren/gilyaniv,472,3,66,2026-04-13 21:54:39+00:00,2026-04-16 17:37:56+00:00,687704,False,False,0,157.33333333333334,0.13983050847457626,243797.0,0.0019360369487729547,4,123,3
12hsrate-hub/lawyer5rp,734,3,164,2026-04-10 18:46:09+00:00,2026-04-16 22:59:33+00:00,1014375,False,False,0,244.66666666666666,0.22343324250681199,533604.0,0.001375551907406991,7,123,3
UNN-CS/ST-5,130,6,0,2026-04-13 04:03:18+00:00,2026-04-14 23:26:15+00:00,115857,False,False,1,21.666666666666668,0.0,156177.0,0.0008323888920903846,4,122,3
ramincsy/Auto,492,2,2,2026-04-10 00:24:11+00:00,2026-04-16 20:31:01+00:00,377446,False,False,0,246.0,0.0040650406504065045,590810.0,0.0008327550312283137,5,122,3
MINI-V-Android/platform_external_starlark-go,122,1,0,2026-04-13 03:25:50+00:00,2026-04-13 03:26:33+00:00,99882,False,False,1,122.0,0.0,43.0,2.8372093023255816,1,122,5
aegisfleet/amazon-product-article,636,7,430,2026-04-10 07:29:32+00:00,2026-04-16 21:05:46+00:00,1895870,False,False,0,90.85714285714286,0.6761006289308176,567374.0,0.0011209537271711428,5,121,5
perso-devrel/anivoice,918,4,131,2026-04-10 00:04:28+00:00,2026-04-16 07:13:39+00:00,1866854,False,False,1,229.5,0.14270152505446623,544151.0,0.0016870317246499593,6,121,3
protoLabsAI/protoWorkstacean,763,4,239,2026-04-10 00:02:18+00:00,2026-04-16 22:34:02+00:00,2614835,False,False,1,190.75,0.3132372214941022,599504.0,0.0012727187808588432,9,120,3
trueforge-org/truecharts,808,4,39,2026-04-10 00:21:04+00:00,2026-04-16 00:28:55+00:00,2048750,False,False,1,202.0,0.04826732673267327,518871.0,0.001557227133526445,6,120,3
AFnRFCb7/personal,120,1,0,2026-04-12 20:48:03+00:00,2026-04-16 20:57:41+00:00,78240,False,False,0,120.0,0.0,346178.0,0.00034664247872481785,1,120,4
dasjoms/pokeemerald_web,461,1,0,2026-04-10 00:07:42+00:00,2026-04-13 19:08:16+00:00,361820,False,False,0,461.0,0.0,327634.0,0.001407057875556261,3,119,4
rhtap-perf-test/nodejs-devfile-sample2-prdrh03cm-jhutar-tenant,604,2,404,2026-04-10 00:46:18+00:00,2026-04-16 22:57:03+00:00,601422,False,False,1,302.0,0.6688741721854304,598245.0,0.0010096198045951073,4,119,5
jmamou/sglang,120,1,0,2026-04-13 12:59:12+00:00,2026-04-15 11:26:59+00:00,71022,False,False,0,120.0,0.0,167267.0,0.000717415868043308,2,118,4
sdonogh555/ddf-ui,118,1,0,2026-04-14 00:55:00+00:00,2026-04-14 00:55:56+00:00,70476,False,False,0,118.0,0.0,56.0,2.107142857142857,1,118,5
iamarketings/opencode,117,1,0,2026-04-14 16:42:23+00:00,2026-04-14 16:57:28+00:00,69678,False,False,0,117.0,0.0,905.0,0.1292817679558011,1,117,5
rhtap-perf-test/nodejs-devfile-sample1-prdrh01cs-jhutar-1-tenant,591,2,407,2026-04-10 00:45:14+00:00,2026-04-16 22:34:02+00:00,574825,False,False,1,295.5,0.688663282571912,596928.0,0.0009900691540688325,4,117,5
stackitcloud/stackit-sdk-go,286,8,16,2026-04-10 08:07:50+00:00,2026-04-16 15:28:54+00:00,280395,False,False,1,35.75,0.055944055944055944,544864.0,0.0005249016268279791,8,117,3
DataDog/dd-trace-py,759,60,343,2026-04-10 00:49:20+00:00,2026-04-16 22:22:22+00:00,1554428,False,False,1,12.65,0.4519104084321476,595982.0,0.0012735283951528736,10,116,3
foridahmed6682-dotcom/Claude-leaked-agentl,116,1,0,2026-04-12 12:32:15+00:00,2026-04-12 12:37:43+00:00,78418,True,False,0,116.0,0.0,328.0,0.35365853658536583,1,116,8
Weihong-ye/glibc-upstream,123,2,4,2026-04-13 02:47:13+00:00,2026-04-15 08:15:45+00:00,72014,False,False,0,61.5,0.032520325203252036,192512.0,0.000638921210106383,4,116,3
zinubizu123-cell/Effiecency-,116,1,0,2026-04-15 06:10:34+00:00,2026-04-15 06:11:17+00:00,72842,False,False,0,116.0,0.0,43.0,2.697674418604651,1,116,5
jahirsaiyed/Multica,125,2,1,2026-04-12 05:32:52+00:00,2026-04-12 18:45:01+00:00,97234,False,False,0,62.5,0.008,47529.0,0.0026299732794714805,5,115,3
hahaschool/agentctl,500,3,3,2026-04-13 11:01:13+00:00,2026-04-16 13:53:39+00:00,364136,False,False,0,166.66666666666666,0.006,269546.0,0.001854970951154905,7,114,3
multica-ai/multica,2769,2174,51,2026-04-10 00:16:38+00:00,2026-04-16 22:57:52+00:00,3868298,False,False,1,1.2736890524379025,0.018418201516793065,600074.0,0.004614430886857287,11,114,2
numtide/llm-agents.nix,556,15,519,2026-04-10 03:10:56+00:00,2026-04-16 14:59:25+00:00,613472,False,False,1,37.06666666666667,0.9334532374100719,560909.0,0.000991248134724171,9,114,5
MINI-V-Android/platform_external_tinyalsa_new,114,1,0,2026-04-13 03:30:08+00:00,2026-04-13 03:31:58+00:00,93502,False,False,1,114.0,0.0,110.0,1.0363636363636364,1,114,5
pcwiese/opentelemetry-collector-contrib,375,2,375,2026-04-13 23:30:24+00:00,2026-04-15 07:01:21+00:00,1407633,False,False,0,187.5,1.0,113457.0,0.0033052169544408893,4,113,5
Rojios/claude-mem,113,1,0,2026-04-14 03:43:43+00:00,2026-04-14 03:44:35+00:00,66186,False,False,0,113.0,0.0,52.0,2.173076923076923,1,113,5
erwinislasegura/vextra,526,1,0,2026-04-10 03:40:03+00:00,2026-04-16 22:56:36+00:00,413537,False,False,0,526.0,0.0,587793.0,0.000894872854899599,3,113,4
Alamator/claude-memory,113,1,0,2026-04-12 18:08:00+00:00,2026-04-12 18:08:42+00:00,66638,False,False,0,113.0,0.0,42.0,2.6904761904761907,1,113,5
konflux-qe-bd/multiarch-sample-repo-clone,262,2,107,2026-04-10 08:12:55+00:00,2026-04-16 20:19:25+00:00,230304,False,False,1,131.0,0.4083969465648855,561990.0,0.0004662004662004662,4,112,3
mdshamimshekh564-cell/Prayer-Time,112,1,0,2026-04-12 15:22:29+00:00,2026-04-12 15:22:53+00:00,74468,False,False,0,112.0,0.0,24.0,4.666666666666667,1,112,5
pengxu9-rgb/PIVOTA-Agent,481,1,0,2026-04-10 00:02:45+00:00,2026-04-16 14:53:47+00:00,334929,False,False,0,481.0,0.0,571862.0,0.0008411120165354579,4,111,4
nix-community/NUR,337,6,334,2026-04-10 02:16:46+00:00,2026-04-16 21:28:28+00:00,276639,False,False,1,56.166666666666664,0.9910979228486647,587502.0,0.0005736150685444475,6,111,5
konflux-qe-bd/oci-archive-test,277,2,125,2026-04-10 08:11:51+00:00,2026-04-16 20:19:26+00:00,235218,False,False,1,138.5,0.45126353790613716,562055.0,0.000492834331159762,4,111,3
konflux-qe-bd/devfile-sample-python-basic-clone,301,2,123,2026-04-10 08:12:38+00:00,2026-04-16 20:03:29+00:00,269819,False,False,1,150.5,0.40863787375415284,561051.0,0.0005364931173814858,4,111,3
edonders/ciso-assistant-community,112,1,0,2026-04-15 17:56:01+00:00,2026-04-15 17:57:05+00:00,70000,False,False,0,112.0,0.0,64.0,1.75,1,111,5
faiscadev/fakecloud,691,33,122,2026-04-10 00:02:26+00:00,2026-04-16 22:58:38+00:00,1378480,False,False,1,20.939393939393938,0.17655571635311143,600972.0,0.0011498039842122428,10,111,3
zidanehuang001/Megatron-Bridge-DistTrain-Demo,110,1,0,2026-04-13 06:26:14+00:00,2026-04-13 06:27:21+00:00,71170,False,False,0,110.0,0.0,67.0,1.6417910447761195,1,110,5
jupedro2112-pixel/BACKUPNUEVO,109,1,0,2026-04-14 19:45:26+00:00,2026-04-14 19:46:49+00:00,74157,False,False,0,109.0,0.0,83.0,1.3132530120481927,1,109,5
MINI-V-Android/platform_external_jazzer-api,108,1,0,2026-04-13 03:03:12+00:00,2026-04-14 05:05:46+00:00,88250,False,False,1,108.0,0.0,93754.0,0.0011519508500970625,1,108,4
base/base,735,28,320,2026-04-10 00:16:13+00:00,2026-04-16 22:59:08+00:00,2065394,False,False,1,26.25,0.43537414965986393,600175.0,0.0012246428125130171,11,108,3
dylansnyk/backstage,321,1,0,2026-04-10 15:18:49+00:00,2026-04-16 19:59:16+00:00,200236,False,False,0,321.0,0.0,535227.0,0.0005997455285327534,3,108,4
nealemanley/claude-mem,108,1,0,2026-04-13 22:15:50+00:00,2026-04-13 22:16:47+00:00,64476,False,False,0,108.0,0.0,57.0,1.894736842105263,1,108,5
dburkart/vibix,947,5,242,2026-04-12 04:10:56+00:00,2026-04-16 20:26:51+00:00,3562333,False,False,0,189.4,0.2555438225976769,404155.0,0.0023431604211255584,9,108,3
polarsource/polar,407,21,209,2026-04-10 01:44:08+00:00,2026-04-16 21:45:13+00:00,631574,False,False,1,19.38095238095238,0.5135135135135135,590465.0,0.0006892872566536543,9,108,5
jand6-pixel/idk,107,1,0,2026-04-16 14:23:58+00:00,2026-04-16 14:24:34+00:00,64208,False,False,0,107.0,0.0,36.0,2.9722222222222223,1,107,5
lnminh241104-test3/claude-mem_Restore_at_2026-04-13_04-08-53_UTC,507,1,507,2026-04-13 04:12:32+00:00,2026-04-13 04:50:00+00:00,480873,False,False,1,507.0,1.0,2248.0,0.2255338078291815,2,107,7
Rogmar0071/NVIDIA-NemoClaw,107,1,0,2026-04-15 13:35:24+00:00,2026-04-15 13:35:55+00:00,66074,False,False,0,107.0,0.0,31.0,3.4516129032258065,1,107,5
madmax983/scale,304,3,119,2026-04-10 00:45:06+00:00,2026-04-16 22:32:04+00:00,577737,False,False,0,101.33333333333333,0.39144736842105265,596818.0,0.0005093680150397608,4,106,3
Daniel-med1/claude-mem,106,1,0,2026-04-14 05:17:43+00:00,2026-04-14 05:18:36+00:00,63492,False,False,0,106.0,0.0,53.0,2.0,1,106,5
akarlin3/prismTask,526,3,79,2026-04-10 19:21:56+00:00,2026-04-16 22:54:07+00:00,422796,False,False,0,175.33333333333334,0.15019011406844107,531131.0,0.0009903394831030387,6,106,3
island-is/island.is,491,34,239,2026-04-10 08:10:49+00:00,2026-04-16 22:59:25+00:00,1080903,False,False,1,14.441176470588236,0.48676171079429736,571716.0,0.000858818014538687,7,106,3
bhaktideshmukh/Joplin,105,1,0,2026-04-10 07:56:32+00:00,2026-04-10 07:59:57+00:00,62873,False,False,0,105.0,0.0,205.0,0.5121951219512195,1,105,5
modernizetest/PhotoAlbum,664,2,0,2026-04-10 01:31:16+00:00,2026-04-16 10:19:24+00:00,744428,False,False,0,332.0,0.0,550088.0,0.0012070795945376012,4,104,3
TalonT-Org/AutoSkillit,1356,2,151,2026-04-10 00:02:43+00:00,2026-04-16 19:45:58+00:00,5837479,False,False,1,678.0,0.11135693215339233,589395.0,0.002300664240449953,8,104,3
Ck1sap/gstack,104,1,0,2026-04-16 22:59:19+00:00,2026-04-16 22:59:51+00:00,61704,False,False,0,104.0,0.0,32.0,3.25,1,104,5
D-sorganization/UpstreamDrift,731,6,302,2026-04-10 02:59:39+00:00,2026-04-16 14:50:29+00:00,1218116,False,False,1,121.83333333333333,0.4131326949384405,561050.0,0.0013029141787719454,8,104,3
mcpany/core,561,2,30,2026-04-10 01:35:48+00:00,2026-04-16 20:46:13+00:00,666976,False,False,1,280.5,0.053475935828877004,587425.0,0.0009550155338979444,5,104,3
GuruCICDCanary-Prod-Release/BugBustCICDCanary-prod,362,1,0,2026-04-10 00:31:26+00:00,2026-04-16 22:46:21+00:00,346459,False,False,1,362.0,0.0,598495.0,0.0006048505000041772,3,104,4
konflux-qe-bd/multiarch-sample-repo,285,2,126,2026-04-10 08:12:50+00:00,2026-04-16 20:19:30+00:00,248225,False,False,1,142.5,0.4421052631578947,562000.0,0.0005071174377224199,4,103,3
ROCm/rocm-systems,1089,169,79,2026-04-10 00:01:35+00:00,2026-04-16 22:54:30+00:00,2286631,False,False,1,6.443786982248521,0.07254361799816346,600775.0,0.0018126586492447257,10,103,2
ronniepinnell/benchsight,5013,8,390,2026-04-10 02:32:06+00:00,2026-04-16 17:05:28+00:00,35015926,False,False,0,626.625,0.07779772591262717,570802.0,0.008782379879537913,9,103,3
konflux-qe-bd/docker-file-from-scratch,257,2,115,2026-04-10 08:11:36+00:00,2026-04-16 20:19:28+00:00,223020,True,False,1,128.5,0.4474708171206226,562072.0,0.0004572367952860132,4,103,6
CopilotKit/CopilotKit,913,53,189,2026-04-10 00:11:29+00:00,2026-04-16 22:58:04+00:00,3442711,False,False,1,17.22641509433962,0.20700985761226726,600395.0,0.0015206655618384564,10,103,3
lestrrat-go/jwx,407,5,11,2026-04-10 00:13:50+00:00,2026-04-16 22:57:11+00:00,349347,False,False,1,81.4,0.02702702702702703,600201.0,0.0006781061677671314,7,103,3
mrlcpa/zenrock-archive-ethermint,121,2,29,2026-04-12 16:33:40+00:00,2026-04-13 11:01:55+00:00,125237,False,False,0,60.5,0.2396694214876033,66495.0,0.0018196856906534326,3,103,3
nobidev/grafana,193,1,0,2026-04-10 00:30:36+00:00,2026-04-16 00:37:33+00:00,166396,False,False,1,193.0,0.0,518817.0,0.00037200014648710434,2,103,4
janrysavy/salamander,241,1,0,2026-04-10 00:24:51+00:00,2026-04-16 19:11:22+00:00,145568,False,False,0,241.0,0.0,585991.0,0.00041126911505466807,3,103,4
stacksjs/ts-starter-monorepo,982,3,434,2026-04-10 00:32:23+00:00,2026-04-16 22:22:09+00:00,1259090,False,False,1,327.3333333333333,0.4419551934826884,596986.0,0.001644929696843812,4,102,3
TechForce-Lyron0785/open-saas,140,1,0,2026-04-10 12:41:56+00:00,2026-04-10 22:26:28+00:00,135316,False,False,0,140.0,0.0,35072.0,0.0039917883211678835,1,102,4
erigontech/erigon,634,22,138,2026-04-10 00:12:41+00:00,2026-04-16 22:36:15+00:00,1092188,False,False,1,28.818181818181817,0.21766561514195584,599014.0,0.001058405980494613,9,102,3
smartcontractkit/chainlink,549,54,267,2026-04-10 00:36:47+00:00,2026-04-16 22:48:57+00:00,1310049,False,False,1,10.166666666666666,0.48633879781420764,598330.0,0.0009175538582387645,9,102,3
QuietBriony/tree-doctor-test,471,3,24,2026-04-10 00:49:04+00:00,2026-04-16 00:58:43+00:00,479760,False,False,0,157.0,0.050955414012738856,518979.0,0.0009075511725907985,7,101,3
dfinity/ic,529,40,168,2026-04-10 00:05:01+00:00,2026-04-16 22:58:10+00:00,765315,False,False,1,13.225,0.31758034026465026,600789.0,0.0008805087975978256,8,101,3
laputacloudco/pokomplete,500,7,99,2026-04-10 22:57:37+00:00,2026-04-16 19:01:25+00:00,770655,False,False,1,71.42857142857143,0.198,504228.0,0.0009916149043686586,9,101,3
noreplyahso/wifi-view,101,1,0,2026-04-13 14:35:20+00:00,2026-04-13 14:36:04+00:00,62387,False,False,0,101.0,0.0,44.0,2.2954545454545454,1,101,5
choiceoh/osty,372,1,0,2026-04-15 01:57:27+00:00,2026-04-16 17:19:53+00:00,233920,False,False,0,372.0,0.0,141746.0,0.0026244126818393463,4,101,4
Nedunchezhiyan-M/vscode,111,1,0,2026-04-14 19:05:35+00:00,2026-04-16 19:29:44+00:00,71443,False,False,0,111.0,0.0,174249.0,0.0006370194377012207,3,100,2
archlinux/aur,1496,1,0,2026-04-11 00:12:19+00:00,2026-04-16 22:47:16+00:00,1160741,False,False,1,1496.0,0.0,513297.0,0.0029144919997584244,2,100,2
mrlcpa/zenrock-archive-cosmos-sdk,188,3,136,2026-04-12 16:31:47+00:00,2026-04-12 16:47:34+00:00,468148,False,False,0,62.666666666666664,0.723404255319149,947.0,0.19852164730728616,3,100,4
devflowinc/vapi-docs,142,1,142,2026-04-10 03:09:54+00:00,2026-04-16 22:46:45+00:00,129227,False,False,1,142.0,1.0,589011.0,0.00024108208505443872,2,99,4
mhsenpc/online-tools.click,182,1,0,2026-04-14 11:49:14+00:00,2026-04-15 23:27:24+00:00,122966,False,False,0,182.0,0.0,128290.0,0.001418660846519604,5,99,2
DSumm18/Schoolgle_Improvement,106,1,0,2026-04-10 08:59:57+00:00,2026-04-16 22:44:52+00:00,64922,False,False,0,106.0,0.0,567895.0,0.00018665422305179653,2,99,2
lnieuwenhuis/t3code,214,1,0,2026-04-13 12:31:36+00:00,2026-04-13 14:46:43+00:00,123384,False,False,0,214.0,0.0,8107.0,0.02639694091525842,2,99,2
valarjeya28/Snowflake,100,1,0,2026-04-15 17:18:45+00:00,2026-04-15 17:21:01+00:00,60012,False,False,0,100.0,0.0,136.0,0.7352941176470589,1,99,3
nearai/ironclaw,1649,91,634,2026-04-10 00:07:26+00:00,2026-04-16 22:58:47+00:00,6111117,False,False,1,18.12087912087912,0.38447543966040026,600681.0,0.0027452175114578287,11,99,1
ArqueOps/verbum,217,2,8,2026-04-15 00:01:30+00:00,2026-04-16 22:31:37+00:00,271103,False,False,1,108.5,0.03686635944700461,167407.0,0.0012962420926245616,5,99,1
p-b-o/qemu-ci,104,3,2,2026-04-10 03:01:29+00:00,2026-04-16 21:20:58+00:00,69211,False,False,0,34.666666666666664,0.019230769230769232,584369.0,0.00017796974172141233,3,99,1
rauterfrank-ui/Peak_Trade,394,2,16,2026-04-10 00:37:44+00:00,2026-04-16 22:13:21+00:00,290314,False,False,0,197.0,0.04060913705583756,596137.0,0.0006609219021802036,4,98,1
jmaria69/Ruflo,98,1,0,2026-04-15 10:56:27+00:00,2026-04-15 10:57:25+00:00,55948,False,False,0,98.0,0.0,58.0,1.6896551724137931,1,98,3
rhtap-perf-test/nodejs-devfile-sample3-prdrh02cs-jhutar-tenant,455,2,308,2026-04-10 00:12:53+00:00,2026-04-16 22:20:06+00:00,450026,False,False,1,227.5,0.676923076923077,598033.0,0.0007608275797489436,4,98,3
juanmixto/marketplace,548,4,6,2026-04-10 06:37:02+00:00,2026-04-16 22:54:36+00:00,1220984,False,False,0,137.0,0.010948905109489052,577054.0,0.0009496511591636139,7,98,1
serter2069/p2ptax,1000,1,0,2026-04-10 04:43:05+00:00,2026-04-16 21:56:11+00:00,7878564,False,False,0,1000.0,0.0,580386.0,0.0017229912506504291,6,97,2
yuhuo66/Cherry-Studio,97,1,0,2026-04-12 02:02:01+00:00,2026-04-12 02:03:42+00:00,58099,False,False,0,97.0,0.0,101.0,0.9603960396039604,1,97,3
anasalhmmami-afk/scalp-bot,112,1,0,2026-04-14 08:34:37+00:00,2026-04-15 19:12:17+00:00,69506,True,False,0,112.0,0.0,124660.0,0.0008984437670463662,2,97,5
lnminh241104-test3/claude-mem_Restore_at_2026-04-14_02-21-27_UTC,482,1,482,2026-04-14 02:25:13+00:00,2026-04-14 03:01:56+00:00,456452,False,False,1,482.0,1.0,2203.0,0.21879255560599184,2,97,5
monarch-initiative/dismech,1180,14,398,2026-04-10 01:20:52+00:00,2026-04-16 22:37:46+00:00,5431056,False,False,1,84.28571428571429,0.33728813559322035,595014.0,0.001983146615037629,10,97,1
CubeCypressTest/e2e-qa-data-model,209,2,161,2026-04-10 00:01:39+00:00,2026-04-16 22:14:02+00:00,137879,False,False,0,104.5,0.7703349282296651,598343.0,0.00034929797791567713,3,97,3
aliyah666/Wise-wink,124,1,0,2026-04-16 06:00:00+00:00,2026-04-16 06:39:06+00:00,73438,False,False,0,124.0,0.0,2346.0,0.05285592497868713,1,97,2
pr-versions/pr-versions-test,313,2,3,2026-04-13 10:28:51+00:00,2026-04-16 15:57:28+00:00,299817,False,False,1,156.5,0.009584664536741214,278917.0,0.00112219764302642,5,96,1
nesquena/hermes-webui,776,285,12,2026-04-10 00:56:08+00:00,2026-04-16 22:45:32+00:00,1447421,False,False,0,2.7228070175438597,0.015463917525773196,596964.0,0.0012999108823982686,10,96,0
cvoya-com/spring-voyage,469,6,418,2026-04-13 03:55:05+00:00,2026-04-16 22:52:38+00:00,1138962,False,False,1,78.16666666666667,0.8912579957356077,327453.0,0.001432266615361594,7,96,3
a13xperi/atlas-portal,477,3,44,2026-04-10 00:13:37+00:00,2026-04-15 22:23:38+00:00,743551,False,False,0,159.0,0.09224318658280922,511801.0,0.0009320028683023284,5,96,1
zed-industries/zed,1314,262,234,2026-04-10 00:01:06+00:00,2026-04-16 22:48:38+00:00,6002624,False,False,1,5.015267175572519,0.1780821917808219,600452.0,0.0021883514419137585,11,96,0
redhat-appstudio-qe/infra-deployments,243,4,165,2026-04-10 02:31:42+00:00,2026-04-16 21:26:56+00:00,221714,False,False,1,60.75,0.6790123456790124,586514.0,0.0004143123608302615,3,96,3
drape-io/it-works-on-my-machine,561,1,0,2026-04-10 00:21:56+00:00,2026-04-16 22:44:46+00:00,719462,False,False,1,561.0,0.0,598970.0,0.0009366078434646142,4,96,2
hat47x/kj-atlas,380,1,0,2026-04-11 00:31:37+00:00,2026-04-16 22:02:00+00:00,283474,False,False,0,380.0,0.0,509423.0,0.0007459419774921823,3,96,2
vivutrongchivi-hash/dandelion-ksu,99,1,0,2026-04-16 12:52:14+00:00,2026-04-16 22:54:31+00:00,61839,False,False,0,99.0,0.0,36137.0,0.0027395743974319947,2,95,2
MoonLadderStudios/MoonMind,691,6,176,2026-04-10 00:20:09+00:00,2026-04-16 22:42:02+00:00,1766477,False,False,1,115.16666666666667,0.25470332850940663,598913.0,0.0011537568895649284,7,95,1
veighnsche/Pocket-Relay,1234,4,288,2026-04-10 02:29:16+00:00,2026-04-16 22:59:40+00:00,6273497,False,False,0,308.5,0.233387358184765,592224.0,0.0020836710433889878,8,95,1
konflux-ci/konflux-ci,468,10,395,2026-04-10 01:34:37+00:00,2026-04-16 21:24:55+00:00,1027390,False,False,1,46.8,0.844017094017094,589818.0,0.0007934651027944213,9,95,3
NVIDIA/cuda-quantum,392,19,221,2026-04-10 00:47:54+00:00,2026-04-16 22:04:23+00:00,546995,False,False,1,20.63157894736842,0.5637755102040817,594989.0,0.0006588357095677399,9,95,3
HomericIntelligence/AchaeanFleet,253,1,0,2026-04-11 02:32:13+00:00,2026-04-13 00:26:39+00:00,1332482,False,False,1,253.0,0.0,165266.0,0.0015308653927607614,4,95,2
OpenDCAI/Mycel,521,1,0,2026-04-10 03:46:24+00:00,2026-04-16 20:28:20+00:00,434798,False,False,1,521.0,0.0,578516.0,0.0009005801049582034,4,95,2
PKRoma/vscode,181,1,0,2026-04-10 04:33:24+00:00,2026-04-16 16:56:24+00:00,101999,False,False,0,181.0,0.0,562980.0,0.00032150342818572597,3,95,2
MINI-V-Android/platform_external_trace-cmd,95,1,0,2026-04-13 03:32:10+00:00,2026-04-13 03:33:20+00:00,77389,False,False,1,95.0,0.0,70.0,1.3571428571428572,1,95,3
CleanExpo/DR-NRPG,555,3,14,2026-04-10 23:24:33+00:00,2026-04-16 22:35:38+00:00,474198,False,False,0,185.0,0.025225225225225224,515465.0,0.0010766977389347482,7,95,1
katerina7479/company_town,465,1,0,2026-04-11 21:43:24+00:00,2026-04-16 22:54:31+00:00,602871,False,False,0,465.0,0.0,436267.0,0.001065861043810327,6,94,2
awslabs/mcp,477,48,384,2026-04-10 00:02:50+00:00,2026-04-16 22:03:41+00:00,936824,False,False,1,9.9375,0.8050314465408805,597651.0,0.0007981246580362118,10,94,2
librefang/librefang,841,14,284,2026-04-10 01:07:25+00:00,2026-04-16 20:40:19+00:00,1910955,False,False,1,60.07142857142857,0.3376932223543401,588774.0,0.0014283918787174705,10,94,1
rickfelix/EHG_Engineer,456,2,154,2026-04-10 01:35:55+00:00,2026-04-16 21:09:48+00:00,1222610,False,False,0,228.0,0.33771929824561403,588833.0,0.0007744131188299569,5,94,1
mugijiru/.emacs.d,245,1,245,2026-04-10 20:21:24+00:00,2026-04-16 20:31:52+00:00,184622,False,False,0,245.0,1.0,519028.0,0.0004720361907257412,3,94,4
Kilo-Org/cloud,666,23,177,2026-04-10 00:07:17+00:00,2026-04-16 22:14:48+00:00,1170736,False,False,1,28.956521739130434,0.26576576576576577,598051.0,0.0011136174005226978,9,93,1
electron/electron,892,62,366,2026-04-10 00:34:47+00:00,2026-04-16 22:50:54+00:00,2443131,False,False,1,14.387096774193548,0.4103139013452915,598567.0,0.0014902258226731511,11,93,1
coproduct-opensource/nucleus,358,3,151,2026-04-10 02:11:01+00:00,2026-04-16 08:21:27+00:00,399294,False,False,1,119.33333333333333,0.42178770949720673,540626.0,0.0006621953069219757,6,93,1
rhtap-perf-test/nodejs-devfile-sample3-prdrh02cm-jhutar-tenant,467,2,321,2026-04-10 00:41:56+00:00,2026-04-16 22:25:44+00:00,467026,False,False,1,233.5,0.6873661670235546,596628.0,0.0007827322887963689,4,93,3
kafeixiang/husi,265,1,0,2026-04-10 03:25:38+00:00,2026-04-16 22:51:37+00:00,166846,False,False,0,265.0,0.0,588359.0,0.00045040527976966443,4,93,2
KleinerBaum/cs_need_analysis,429,1,0,2026-04-10 19:11:34+00:00,2026-04-16 20:22:02+00:00,351523,False,False,0,429.0,0.0,522628.0,0.0008208515425886098,3,93,2
chatconversachat/funcionariosIA,93,1,0,2026-04-13 00:30:14+00:00,2026-04-13 00:31:06+00:00,63575,False,False,0,93.0,0.0,52.0,1.7884615384615385,1,93,3
google-gemini/gemini-cli,1371,352,542,2026-04-10 00:02:11+00:00,2026-04-16 22:48:41+00:00,5908368,False,False,1,3.8948863636363638,0.3953318745441284,600390.0,0.0022835157147853896,11,93,0
stablyai/orca,695,148,15,2026-04-10 00:44:01+00:00,2026-04-16 22:46:58+00:00,1104920,False,False,1,4.695945945945946,0.02158273381294964,597777.0,0.0011626409179342797,11,93,0
madmax983/thales,276,3,106,2026-04-10 01:10:30+00:00,2026-04-16 22:54:23+00:00,442471,False,False,0,92.0,0.38405797101449274,596633.0,0.00046259593418399584,4,93,1
lnminh241104-test3/claude-mem_Restore_at_2026-04-13_06-11-07_UTC,429,1,429,2026-04-13 06:12:10+00:00,2026-04-13 06:57:23+00:00,407393,False,False,1,429.0,1.0,2713.0,0.15812753409509767,2,92,5
redhat-appstudio-qe/devfile-sample-python-basic,273,5,197,2026-04-10 02:38:42+00:00,2026-04-16 22:25:24+00:00,256462,False,False,1,54.6,0.7216117216117216,589602.0,0.00046302420955152796,4,92,3
legotec73/gstack,92,1,0,2026-04-13 05:59:30+00:00,2026-04-13 06:00:01+00:00,55524,False,False,0,92.0,0.0,31.0,2.967741935483871,1,92,3
geekspeng/vllm,94,1,0,2026-04-15 08:54:46+00:00,2026-04-16 01:49:03+00:00,59828,False,False,0,94.0,0.0,60857.0,0.0015446045647994479,2,92,2
NVIDIA/Megatron-LM,627,68,321,2026-04-10 00:04:29+00:00,2026-04-16 22:39:23+00:00,1708502,False,False,1,9.220588235294118,0.5119617224880383,599694.0,0.001045533221943191,10,92,2
l2ggy/website,552,2,70,2026-04-10 04:28:02+00:00,2026-04-13 05:36:40+00:00,1038071,False,False,0,276.0,0.12681159420289856,263318.0,0.0020963245961157233,5,91,1
sbriggssjc/life-command-center,330,2,34,2026-04-10 01:48:32+00:00,2026-04-16 22:31:26+00:00,531352,False,False,0,165.0,0.10303030303030303,592974.0,0.0005565168118669622,4,91,1
soenug/vscode,91,1,0,2026-04-10 13:13:56+00:00,2026-04-10 13:16:42+00:00,49906,False,False,0,91.0,0.0,166.0,0.5481927710843374,1,91,3
EtharaAI/benchmarks,91,1,0,2026-04-15 07:46:01+00:00,2026-04-15 07:46:41+00:00,69731,False,False,1,91.0,0.0,40.0,2.275,1,91,3
koala73/worldmonitor,927,219,193,2026-04-10 00:43:38+00:00,2026-04-16 22:18:20+00:00,2612005,False,False,0,4.232876712328767,0.20819848975188782,596082.0,0.001555155163215799,10,91,0
MasanoriMorishita/OpenClaw-BatchCall,106,1,0,2026-04-10 02:17:31+00:00,2026-04-16 14:38:23+00:00,69048,False,False,0,106.0,0.0,562852.0,0.0001883265938470504,2,91,2
modular-magician/terraform-provider-google-beta,192,1,0,2026-04-10 00:07:05+00:00,2026-04-16 22:50:22+00:00,132764,False,False,0,192.0,0.0,600197.0,0.00031989496781889944,3,91,2
shuu5/twill,734,1,0,2026-04-10 00:34:23+00:00,2026-04-16 03:29:38+00:00,2142878,False,False,0,734.0,0.0,528915.0,0.001387746613349971,6,90,2
dfinity/oisy-wallet,390,8,183,2026-04-10 05:55:48+00:00,2026-04-16 17:55:10+00:00,414587,True,False,1,48.75,0.46923076923076923,561562.0,0.0006944914363863652,6,90,4
Sameer939/linkerd2-mirror,110,2,23,2026-04-10 10:53:14+00:00,2026-04-13 04:38:25+00:00,80907,False,False,0,55.0,0.20909090909090908,236711.0,0.00046470168264254723,3,90,1
jtn0123/InkyPi,871,5,316,2026-04-10 01:27:17+00:00,2026-04-16 19:50:51+00:00,3320747,False,False,0,174.2,0.36280137772675086,584614.0,0.001489871949696723,8,90,1
RDI-Foundation/tau2-agentbeats-leaderboard,403,2,403,2026-04-10 03:42:33+00:00,2026-04-14 20:49:35+00:00,397538,False,False,1,201.5,1.0,407222.0,0.0009896321907951929,3,90,3
tahoehoneyhill-ai/beekeeper-ai,94,2,8,2026-04-11 17:08:01+00:00,2026-04-11 17:11:09+00:00,65393,False,False,0,47.0,0.0851063829787234,188.0,0.5,2,90,2
starkware-libs/sequencer,703,35,140,2026-04-10 03:05:04+00:00,2026-04-16 20:32:41+00:00,1285230,False,False,1,20.085714285714285,0.19914651493598862,581257.0,0.0012094478001985353,8,89,1
OmniNode-ai/omnimarket,614,4,259,2026-04-10 01:36:04+00:00,2026-04-16 22:56:56+00:00,1971093,False,False,1,153.5,0.4218241042345277,595252.0,0.0010314959042556765,7,89,1
SYSTEMS-OPERATOR/BOX,183,1,183,2026-04-10 04:37:48+00:00,2026-04-16 22:39:59+00:00,117189,False,False,0,183.0,1.0,583331.0,0.000313715540576448,2,89,4
openshift-cherrypick-robot/openshift-docs,91,1,0,2026-04-10 12:36:54+00:00,2026-04-16 20:58:24+00:00,65916,False,False,0,91.0,0.0,548490.0,0.00016591004393881384,2,89,2
tolast5296/search-detective2,89,1,0,2026-04-14 12:42:47+00:00,2026-04-16 12:06:05+00:00,55206,False,False,0,89.0,0.0,170598.0,0.0005216942754311304,1,89,2
servo/servo,692,75,315,2026-04-10 00:06:56+00:00,2026-04-16 22:58:16+00:00,1734573,False,False,1,9.226666666666667,0.4552023121387283,600680.0,0.0011520277019378038,11,89,0
Alvillarroel/Laravel-lang,178,1,178,2026-04-10 03:46:09+00:00,2026-04-16 05:10:00+00:00,169842,False,False,0,178.0,1.0,523431.0,0.0003400639243758967,2,88,4
justn-hyeok/CodeAgora,132,2,5,2026-04-11 10:14:30+00:00,2026-04-16 03:31:24+00:00,164002,False,False,0,66.0,0.03787878787878788,407814.0,0.0003236769703835572,5,87,1
CPS-Innovation/global-components,222,3,6,2026-04-10 07:43:46+00:00,2026-04-16 14:26:06+00:00,177509,False,False,1,74.0,0.02702702702702703,542540.0,0.0004091864194345117,4,87,1
openclaw/openclaw,9718,2253,4459,2026-04-10 00:01:43+00:00,2026-04-16 22:59:48+00:00,45679665,False,False,1,4.313359964491789,0.45883926733895863,601085.0,0.016167430563065122,11,87,0
Kong/kong-operator,381,11,228,2026-04-10 02:45:38+00:00,2026-04-16 22:56:16+00:00,533789,True,False,1,34.63636363636363,0.5984251968503937,591038.0,0.0006446286025602415,8,87,6
jikig-ai/soleur,836,5,71,2026-04-10 07:11:38+00:00,2026-04-16 21:26:36+00:00,2209398,False,False,1,167.2,0.08492822966507177,569698.0,0.0014674441546222736,9,87,1
matthoogcarspel-hash/spotbuddy,310,2,7,2026-04-10 07:47:20+00:00,2026-04-16 20:10:06+00:00,263493,False,False,0,155.0,0.02258064516129032,562966.0,0.0005506549240984358,5,86,1
azurenerd/ReportingDashboard,3046,2,0,2026-04-10 00:04:48+00:00,2026-04-16 22:59:17+00:00,13040693,False,False,0,1523.0,0.0,600869.0,0.005069324594878417,6,86,1
gabrielkoerich/orch,1659,2,75,2026-04-10 00:06:59+00:00,2026-04-16 21:43:16+00:00,9286135,False,False,0,829.5,0.045207956600361664,596177.0,0.0027827306320102924,7,86,1
shige1014-dev/backup-crawl4ai,86,1,0,2026-04-11 21:35:34+00:00,2026-04-11 21:36:23+00:00,54788,False,False,0,86.0,0.0,49.0,1.7551020408163265,1,86,3
bgembalczyk/F1,574,3,5,2026-04-10 15:53:03+00:00,2026-04-15 06:24:58+00:00,518502,False,False,0,191.33333333333334,0.008710801393728223,397915.0,0.0014425191309701821,4,86,1
tfevan/laravel-language,188,1,188,2026-04-10 03:49:32+00:00,2026-04-16 05:04:15+00:00,189333,False,False,0,188.0,1.0,522883.0,0.00035954506074972796,2,86,4
rhumb-org/rhumb-papa,458,1,0,2026-04-10 04:05:06+00:00,2026-04-15 18:50:53+00:00,774059,False,False,1,458.0,0.0,485147.0,0.0009440437640550184,6,86,2
redhat-appstudio-qe-no-app/secret-lookup-sample-repo-two,246,3,55,2026-04-10 02:38:27+00:00,2026-04-16 22:42:05+00:00,242509,False,False,1,82.0,0.22357723577235772,590618.0,0.0004165128729568012,5,85,1
retirementprotectors/toMachina,293,3,6,2026-04-10 01:53:10+00:00,2026-04-16 05:22:50+00:00,237311,False,False,0,97.66666666666667,0.020477815699658702,530980.0,0.0005518098610117142,7,85,1
konflux-qe-bd/fbc-sample-repo,242,2,101,2026-04-10 08:45:25+00:00,2026-04-16 20:04:48+00:00,199813,False,False,1,121.0,0.41735537190082644,559163.0,0.00043278972321129976,4,85,1
danielbaustin/agent-design-language,650,1,0,2026-04-10 00:27:10+00:00,2026-04-16 20:22:51+00:00,2611281,False,False,0,650.0,0.0,590141.0,0.0011014316917482433,6,85,2
forkwright/aletheia,462,5,105,2026-04-10 13:33:13+00:00,2026-04-16 22:54:06+00:00,1137285,False,False,0,92.4,0.22727272727272727,552053.0,0.0008368761694982185,7,85,1
LedgerHQ/ledger-live,1052,66,274,2026-04-10 00:17:25+00:00,2026-04-16 19:01:17+00:00,2610543,False,False,1,15.93939393939394,0.26045627376425856,585832.0,0.0017957366617050623,9,85,1
carlos-emr/carlos,2279,16,1075,2026-04-10 00:17:53+00:00,2026-04-16 20:58:51+00:00,14529342,False,False,1,142.4375,0.4716981132075472,592858.0,0.0038440908278204898,8,85,1
eiriksm/musical-octo-doodle,241,1,0,2026-04-10 06:13:09+00:00,2026-04-16 07:46:52+00:00,256770,False,False,0,241.0,0.0,524023.0,0.00045990347751911654,4,85,2
gsd-build/get-shit-done,1336,749,134,2026-04-10 00:03:17+00:00,2026-04-16 22:49:41+00:00,3993848,False,False,1,1.7837116154873165,0.10029940119760479,600384.0,0.002225242511459333,12,85,0
langflow-ai/langflow,724,99,382,2026-04-10 00:39:26+00:00,2026-04-16 22:58:10+00:00,1675348,False,False,1,7.313131313131313,0.5276243093922652,598724.0,0.0012092383134800007,12,85,2
modular-magician/terraform-provider-google,176,1,0,2026-04-10 00:07:06+00:00,2026-04-16 22:56:05+00:00,117558,False,False,0,176.0,0.0,600539.0,0.0002930700587305737,3,84,2
HomericIntelligence/Myrmidons,218,1,0,2026-04-11 03:41:44+00:00,2026-04-13 02:18:12+00:00,955324,False,False,1,218.0,0.0,167788.0,0.001299258588218466,5,84,2
TechForce-Lyron0785/plausible-analytics,93,1,0,2026-04-10 06:02:02+00:00,2026-04-11 13:22:29+00:00,71901,False,False,0,93.0,0.0,112827.0,0.0008242707862479725,2,84,2
openedx/openedx-translations,2152,5,2151,2026-04-10 00:10:55+00:00,2026-04-16 19:50:57+00:00,3698188,False,False,1,430.4,0.9995353159851301,589202.0,0.003652397649702479,5,84,3
steq98ai-githng/autogen,84,2,1,2026-04-15 15:33:35+00:00,2026-04-15 15:41:08+00:00,50805,False,False,0,42.0,0.011904761904761904,453.0,0.18543046357615894,1,84,2
marin-community/marin,666,23,147,2026-04-10 00:09:51+00:00,2026-04-16 22:51:18+00:00,1885916,False,False,1,28.956521739130434,0.22072072072072071,600087.0,0.0011098390733343664,10,84,1
sabbour/kickstart,844,7,87,2026-04-10 00:20:31+00:00,2026-04-16 22:04:39+00:00,3513746,False,False,0,120.57142857142857,0.10308056872037914,596648.0,0.0014145693943497673,9,84,1
MINI-V-Android/platform_external_tinyxml,84,1,0,2026-04-13 03:30:08+00:00,2026-04-13 03:30:36+00:00,67128,False,False,1,84.0,0.0,28.0,3.0,1,84,3
cfvbaibai/fbasic-ide,558,2,1,2026-04-10 01:09:00+00:00,2026-04-16 10:51:12+00:00,1138722,False,False,0,279.0,0.0017921146953405018,553332.0,0.0010084361649064216,8,84,1
Mergifyio/docs,380,9,330,2026-04-10 06:03:19+00:00,2026-04-16 22:22:31+00:00,542162,False,False,1,42.22222222222222,0.868421052631579,577152.0,0.0006584054113994234,7,84,3
NVIDIA-NeMo/Automodel,521,26,154,2026-04-10 00:27:24+00:00,2026-04-16 22:56:23+00:00,1107010,False,False,1,20.03846153846154,0.29558541266794625,599339.0,0.00086929100225415,9,83,1
aldyreno26/comfy-copy,83,1,0,2026-04-14 03:50:21+00:00,2026-04-14 03:52:39+00:00,49914,False,False,0,83.0,0.0,138.0,0.6014492753623188,1,83,3
uniget-org/tools,690,4,661,2026-04-10 03:41:30+00:00,2026-04-16 18:22:18+00:00,3009984,False,False,1,172.5,0.9579710144927536,571248.0,0.001207881690614234,6,83,3
lynx-family/lynx,358,27,19,2026-04-10 02:28:27+00:00,2026-04-16 22:56:21+00:00,365766,False,False,1,13.25925925925926,0.05307262569832402,592074.0,0.0006046541479612346,7,83,1
receptron/mulmoclaude,629,15,216,2026-04-10 02:37:23+00:00,2026-04-16 22:39:23+00:00,3040991,False,False,1,41.93333333333333,0.34340222575516693,590520.0,0.0010651629072681705,10,83,1
rararulab/rara,407,4,90,2026-04-12 05:06:03+00:00,2026-04-16 15:42:32+00:00,621347,False,False,1,101.75,0.22113022113022113,383789.0,0.0010604785442000684,6,83,1
vomw/OutlineFoundation-outline-apps,91,1,0,2026-04-12 09:52:28+00:00,2026-04-16 00:56:00+00:00,55368,False,False,0,91.0,0.0,313412.0,0.0002903526348703942,2,83,2
ROCm/TheRock,489,91,24,2026-04-10 00:02:36+00:00,2026-04-16 22:57:27+00:00,909424,False,False,1,5.373626373626373,0.049079754601226995,600891.0,0.0008137915195934038,10,83,0
antonrado/maconly-supply-brain-backend,304,1,0,2026-04-11 07:23:08+00:00,2026-04-16 12:15:32+00:00,227167,False,False,0,304.0,0.0,449544.0,0.0006762408129126403,4,83,2
home-assistant/core,2383,318,573,2026-04-10 00:03:58+00:00,2026-04-16 22:41:03+00:00,10588512,False,False,1,7.4937106918239,0.2404532102391943,599825.0,0.003972825407410494,10,83,0
Saeed59sa/openpilot,84,1,0,2026-04-16 11:09:30+00:00,2026-04-16 17:03:09+00:00,48628,False,False,0,84.0,0.0,21219.0,0.003958716244874877,2,83,2
strawgate/memagent,2108,10,936,2026-04-10 00:14:42+00:00,2026-04-16 18:51:57+00:00,11107873,False,False,0,210.8,0.444022770398482,585435.0,0.0036007413290971672,9,82,1
mstrofnone/amethyst,123,1,0,2026-04-10 02:13:57+00:00,2026-04-12 20:16:04+00:00,76069,False,False,0,123.0,0.0,237727.0,0.0005174002111665903,3,82,2
NickMonrad/kernel-ai-assistant,695,4,43,2026-04-10 00:00:10+00:00,2026-04-16 22:56:10+00:00,2294502,False,False,0,173.75,0.0618705035971223,600960.0,0.001156482960596379,7,82,1
kdwils/homelab,397,2,131,2026-04-10 00:39:24+00:00,2026-04-15 23:02:18+00:00,260366,False,False,0,198.5,0.32997481108312343,512574.0,0.0007745223128757994,4,82,1
khd0425/wifi-csi,82,1,0,2026-04-14 06:26:18+00:00,2026-04-14 06:26:50+00:00,48626,False,False,0,82.0,0.0,32.0,2.5625,1,82,3
shakeraa/cena,186,1,0,2026-04-10 15:09:05+00:00,2026-04-16 21:41:44+00:00,111506,False,False,0,186.0,0.0,541959.0,0.0003431993933120402,2,82,2
sudeepgang/ADK-Samples,85,2,8,2026-04-15 09:16:16+00:00,2026-04-15 09:29:36+00:00,127201,False,False,0,42.5,0.09411764705882353,800.0,0.10625,3,82,2
vercel/next.js,930,142,186,2026-04-10 00:13:50+00:00,2026-04-16 22:07:56+00:00,2749500,False,False,1,6.549295774647887,0.2,597246.0,0.0015571473061351605,13,82,0
liferay-continuous-integration/liferay-portal,116,1,0,2026-04-10 01:00:08+00:00,2026-04-16 22:35:07+00:00,158777,False,False,0,116.0,0.0,596099.0,0.00019459854822772728,5,82,2
edercnj/ia-dev-environment,636,3,14,2026-04-10 11:45:10+00:00,2026-04-16 22:55:11+00:00,1786487,False,False,0,212.0,0.0220125786163522,558601.0,0.0011385586491968328,6,82,1
AkiraFuku/TL1,82,1,0,2026-04-16 03:03:04+00:00,2026-04-16 03:03:31+00:00,44500,False,False,0,82.0,0.0,27.0,3.037037037037037,1,82,3
bayuewalker/walker-ai-team,586,3,194,2026-04-10 00:01:32+00:00,2026-04-16 22:30:31+00:00,1680902,False,False,0,195.33333333333334,0.3310580204778157,599339.0,0.0009777438144355699,6,81,1
a-blender/image-mirror,81,1,81,2026-04-10 09:38:18+00:00,2026-04-16 17:40:10+00:00,49815,False,False,0,81.0,1.0,547312.0,0.00014799602420557197,1,81,4
cilium/cilium,707,93,371,2026-04-10 00:09:39+00:00,2026-04-16 22:37:16+00:00,2230210,False,False,1,7.602150537634409,0.5247524752475248,599257.0,0.001179794311956306,11,81,2
department-of-veterans-affairs/vets-website,542,113,16,2026-04-10 00:19:55+00:00,2026-04-16 22:31:33+00:00,906013,False,False,1,4.79646017699115,0.02952029520295203,598298.0,0.0009059030783990586,9,81,0
hs3180/disclaude,244,2,228,2026-04-10 00:07:21+00:00,2026-04-16 22:28:44+00:00,470388,False,False,0,122.0,0.9344262295081968,598883.0,0.0004074251564996836,6,81,3
jax-ml/jax,625,32,579,2026-04-10 00:00:47+00:00,2026-04-16 22:47:39+00:00,802627,False,False,1,19.53125,0.9264,600412.0,0.0010409518797092664,10,81,3
billybrichards/novakash,356,1,0,2026-04-10 10:42:16+00:00,2026-04-16 20:42:47+00:00,275282,False,False,0,356.0,0.0,554431.0,0.0006420997382902471,5,81,2
modular-magician/terraform-google-conversion,211,1,0,2026-04-10 00:06:13+00:00,2026-04-16 22:29:55+00:00,139445,False,False,0,211.0,0.0,599022.0,0.0003522408192019659,3,80,2
btilus/accountability-app-hetzner,378,1,0,2026-04-13 15:21:37+00:00,2026-04-16 01:36:06+00:00,425649,False,False,0,378.0,0.0,209669.0,0.001802841621794352,5,80,2
mahalaxmi-ai/smoke-test-fixture,148,1,0,2026-04-10 00:01:20+00:00,2026-04-16 18:50:19+00:00,101927,False,False,0,148.0,0.0,586139.0,0.0002524998336572042,3,80,2
dmavrahami-coder/paperclip,80,1,0,2026-04-15 23:15:30+00:00,2026-04-15 23:16:22+00:00,53064,False,False,0,80.0,0.0,52.0,1.5384615384615385,1,80,3
RikkeMK/Candidate.dk,80,1,0,2026-04-10 07:57:37+00:00,2026-04-10 07:58:52+00:00,61272,False,False,0,80.0,0.0,75.0,1.0666666666666667,1,80,3
Solaris-Empresa/compliance-tributaria-v2,281,2,12,2026-04-10 00:27:59+00:00,2026-04-16 22:43:01+00:00,862072,False,False,1,140.5,0.042704626334519574,598502.0,0.00046950553214525597,6,80,1
OneStepAt4time/aegis,960,5,258,2026-04-10 00:11:42+00:00,2026-04-16 22:08:53+00:00,3083195,False,False,0,192.0,0.26875,597431.0,0.0016068801250688363,8,80,1
paradigmxyz/reth,338,38,115,2026-04-10 00:30:01+00:00,2026-04-16 21:26:36+00:00,531525,False,False,1,8.894736842105264,0.34023668639053256,593795.0,0.0005692200170092372,10,80,0
vikramjaglan11official-oss/paperclip,80,1,0,2026-04-12 18:01:32+00:00,2026-04-12 18:02:18+00:00,62088,False,False,0,80.0,0.0,46.0,1.7391304347826086,1,80,3
EarthSciML/EarthSciSerialization,222,2,29,2026-04-10 00:10:28+00:00,2026-04-16 22:59:44+00:00,182188,False,False,1,111.0,0.13063063063063063,600556.0,0.0003696574507622936,4,80,1
koedame/chordsketch,696,3,16,2026-04-10 00:02:11+00:00,2026-04-16 15:36:50+00:00,2465576,False,False,1,232.0,0.022988505747126436,574479.0,0.0012115325364373633,7,79,1
max-sixty/worktrunk,555,38,156,2026-04-10 00:42:45+00:00,2026-04-16 22:51:50+00:00,880903,False,False,0,14.605263157894736,0.2810810810810811,598145.0,0.0009278686606090497,10,79,1
Kennydevx/test,267,1,0,2026-04-11 02:41:34+00:00,2026-04-11 22:41:29+00:00,221519,False,False,0,267.0,0.0,71995.0,0.0037085908743662755,5,79,2
yuga-hashimoto/open-smart-speaker,262,1,0,2026-04-15 08:34:04+00:00,2026-04-16 16:41:31+00:00,181850,False,False,0,262.0,0.0,115647.0,0.00226551488581632,4,79,2
OmniNode-ai/onex_change_control,370,4,123,2026-04-10 01:34:13+00:00,2026-04-16 19:06:51+00:00,931200,False,False,1,92.5,0.3324324324324324,581558.0,0.0006362220105303341,7,79,1
redhat-appstudio-qe/konflux-test-integration,231,6,161,2026-04-10 02:37:42+00:00,2026-04-16 22:19:26+00:00,216891,True,False,1,38.5,0.696969696969697,589304.0,0.00039198783649864926,4,79,6
ai-haskell-compiler/aihc,359,1,0,2026-04-10 07:20:23+00:00,2026-04-16 18:49:59+00:00,345113,False,False,1,359.0,0.0,559776.0,0.0006413279597553307,5,78,2
fleetdm/fleet,688,66,111,2026-04-10 00:38:57+00:00,2026-04-16 22:27:57+00:00,2374536,False,False,1,10.424242424242424,0.1613372093023256,596940.0,0.0011525446443528663,10,78,1
dannagrace/ProjectVeil,492,2,39,2026-04-10 01:18:04+00:00,2026-04-16 13:49:00+00:00,814753,False,False,0,246.0,0.07926829268292683,563456.0,0.0008731826442526124,8,78,1
battulgausa/TUKA-AI,131,1,0,2026-04-10 00:01:08+00:00,2026-04-14 06:36:35+00:00,90593,False,False,0,131.0,0.0,369327.0,0.00035469922318162497,3,78,2
brave/brave-core,855,66,46,2026-04-10 00:04:20+00:00,2026-04-16 22:57:47+00:00,2034066,False,False,1,12.954545454545455,0.05380116959064327,600807.0,0.0014230859493980597,9,78,1
canonical/github-runner-operator,179,8,10,2026-04-10 02:26:47+00:00,2026-04-16 12:55:20+00:00,155896,True,False,1,22.375,0.055865921787709494,556113.0,0.0003218770285895133,6,78,4
airbytehq/airbyte,670,52,419,2026-04-10 00:05:08+00:00,2026-04-16 22:56:38+00:00,2651271,False,False,1,12.884615384615385,0.6253731343283582,600690.0,0.001115383975095307,10,78,3
6/nitrocop,1391,4,1224,2026-04-10 00:06:03+00:00,2026-04-16 22:59:52+00:00,9550073,False,False,0,347.75,0.879942487419123,600829.0,0.002315134589042806,8,77,3
brahmavbr/altimate-code,77,1,0,2026-04-13 10:22:32+00:00,2026-04-13 10:23:14+00:00,45839,False,False,0,77.0,0.0,42.0,1.8333333333333333,1,77,3
jx-leader/hermes-agent,79,1,0,2026-04-10 01:04:59+00:00,2026-04-14 01:09:41+00:00,50121,False,False,0,79.0,0.0,345882.0,0.0002284015936070683,2,77,2
Nairolf138/singular,420,1,0,2026-04-12 12:18:22+00:00,2026-04-16 09:09:57+00:00,295189,False,False,0,420.0,0.0,334295.0,0.0012563753570947816,4,77,2
stacksjs/bun-plugin-yml,519,4,79,2026-04-10 00:10:42+00:00,2026-04-16 22:34:35+00:00,830034,False,False,1,129.75,0.15221579961464354,599033.0,0.0008663963421046921,4,77,1
redhat-openshift-ecosystem/operator-pipelines-test,303,5,102,2026-04-10 05:58:59+00:00,2026-04-16 16:10:37+00:00,590004,True,False,1,60.6,0.33663366336633666,555098.0,0.0005458495616990153,5,77,4
ToreniaFournieri/Kemo-Expedition,480,1,0,2026-04-10 00:25:40+00:00,2026-04-16 09:13:24+00:00,375929,False,False,0,480.0,0.0,550064.0,0.0008726257308240495,4,77,2
khd0425/unsloth,77,1,0,2026-04-14 04:15:39+00:00,2026-04-14 04:16:20+00:00,44178,False,False,0,77.0,0.0,41.0,1.8780487804878048,1,77,3
javi10823/ia-agent-quote-marble-operator,341,2,32,2026-04-10 01:34:45+00:00,2026-04-16 21:05:49+00:00,527249,True,False,0,170.5,0.093841642228739,588664.0,0.0005792778223230909,5,77,4
lejia1314520/best-ips-domains,265,1,265,2026-04-10 00:03:49+00:00,2026-04-16 22:53:10+00:00,165561,False,False,0,265.0,1.0,600561.0,0.00044125409408869373,3,77,4
coder/coder,1327,64,102,2026-04-10 00:15:51+00:00,2026-04-16 22:33:37+00:00,2734928,False,False,1,20.734375,0.07686510926902788,598666.0,0.0022165948959854075,11,77,1
kent8192/reinhardt-web,687,4,297,2026-04-10 00:12:27+00:00,2026-04-16 22:27:54+00:00,1664040,False,False,0,171.75,0.43231441048034935,598527.0,0.001147817892927136,9,77,1
AztecProtocol/aztec-packages,566,32,73,2026-04-10 04:19:43+00:00,2026-04-16 21:56:46+00:00,702830,False,False,1,17.6875,0.12897526501766785,581823.0,0.0009728044439631984,8,77,1
chenkong6/china-study-link,77,1,0,2026-04-10 09:19:21+00:00,2026-04-10 09:21:39+00:00,45466,False,False,0,77.0,0.0,138.0,0.5579710144927537,1,77,3
baryabusinesssai/barya-business-ai-assistant,328,2,24,2026-04-10 04:26:12+00:00,2026-04-16 15:05:21+00:00,400254,False,False,0,164.0,0.07317073170731707,556749.0,0.0005891344214358715,6,77,1
riccardoITA00/testCommvault,76,1,0,2026-04-10 08:36:58+00:00,2026-04-10 08:37:23+00:00,47076,False,False,0,76.0,0.0,25.0,3.04,1,76,3
rabbitmq/rabbitmq-server,418,14,130,2026-04-10 00:07:15+00:00,2026-04-16 22:32:50+00:00,462684,False,False,1,29.857142857142858,0.31100478468899523,599135.0,0.0006976724778221937,8,76,1
domingo-jesse/training-simulator,367,3,41,2026-04-10 05:46:34+00:00,2026-04-16 12:43:54+00:00,546481,False,False,0,122.33333333333333,0.11171662125340599,543440.0,0.0006753275430590313,6,76,1
StoDevX/AAO-React-Native,507,9,205,2026-04-10 00:03:26+00:00,2026-04-16 20:44:50+00:00,1241399,False,False,1,56.333333333333336,0.40433925049309666,592884.0,0.0008551419839294027,8,76,1
FatecNeoHorizon/API_6S,176,6,105,2026-04-13 00:00:54+00:00,2026-04-16 22:39:43+00:00,663553,False,False,1,29.333333333333332,0.5965909090909091,340729.0,0.0005165395372862304,7,76,3
MINI-V-Android/platform_external_ktfmt,76,1,0,2026-04-13 03:08:19+00:00,2026-04-13 03:08:46+00:00,60942,False,False,1,76.0,0.0,27.0,2.814814814814815,1,76,3
DataDog/documentation,501,102,110,2026-04-10 00:16:51+00:00,2026-04-16 22:44:47+00:00,860684,False,False,1,4.911764705882353,0.21956087824351297,599276.0,0.000836008783932612,7,76,0
sauravpanda/flarellm,525,2,1,2026-04-10 00:06:09+00:00,2026-04-16 19:34:58+00:00,777750,False,False,0,262.5,0.0019047619047619048,588529.0,0.0008920545971396481,7,75,1
yamada-ui/yamada-ui,511,15,88,2026-04-10 00:04:36+00:00,2026-04-16 17:39:55+00:00,2127385,False,False,1,34.06666666666667,0.17221135029354206,581719.0,0.0008784309950336846,9,75,1
CRAiEDL/MoralMap,76,2,0,2026-04-15 15:37:01+00:00,2026-04-15 17:24:50+00:00,46174,False,False,0,38.0,0.0,6469.0,0.011748338228474263,2,75,1
chenrui333/homebrew-tap,483,4,291,2026-04-10 00:30:57+00:00,2026-04-16 22:57:12+00:00,512111,False,False,0,120.75,0.6024844720496895,599175.0,0.0008061083990486919,7,75,3
happytalkrz/AI-Quartermaster,699,2,6,2026-04-10 03:12:32+00:00,2026-04-15 13:07:22+00:00,1410461,False,False,0,349.5,0.008583690987124463,467690.0,0.0014945797429921528,6,75,1
llm-random/llm-random-cemetery,75,4,0,2026-04-10 08:17:32+00:00,2026-04-16 17:04:32+00:00,63346,False,False,1,18.75,0.0,550020.0,0.0001363586778662594,1,75,1
albertteoh/opentelemetry-collector-contrib,125,2,125,2026-04-13 19:48:05+00:00,2026-04-14 06:58:24+00:00,180652,False,False,0,62.5,1.0,40219.0,0.003107983788756558,5,75,3
DaKheera47/job-ops,213,11,0,2026-04-10 07:31:19+00:00,2026-04-16 18:32:22+00:00,314728,False,False,0,19.363636363636363,0.0,558063.0,0.00038167733750490534,10,75,1
openvinotoolkit/openvino,410,78,218,2026-04-10 00:41:35+00:00,2026-04-16 22:07:10+00:00,1219694,False,False,1,5.256410256410256,0.5317073170731708,595535.0,0.0006884565978489929,10,75,2
nazi2k-cyber/levelup-app,368,2,43,2026-04-10 01:02:51+00:00,2026-04-16 21:48:59+00:00,530635,False,False,0,184.0,0.11684782608695653,593168.0,0.0006203975939362879,5,75,1
falken10vdl/IfcOpenShell,147,1,0,2026-04-10 00:21:59+00:00,2026-04-16 18:02:18+00:00,88940,False,False,0,147.0,0.0,582019.0,0.00025256907420548124,3,75,2
snowflakedb/universal-driver,400,20,120,2026-04-10 00:15:09+00:00,2026-04-16 22:55:27+00:00,620853,False,False,1,20.0,0.3,600018.0,0.0006666466672666486,7,74,1
tempoxyz/tempo,455,31,130,2026-04-10 00:08:32+00:00,2026-04-16 21:59:38+00:00,841879,False,False,1,14.67741935483871,0.2857142857142857,597066.0,0.0007620598057836152,9,74,1
cameyan/cli,74,1,0,2026-04-13 09:21:44+00:00,2026-04-13 09:23:44+00:00,45336,False,False,0,74.0,0.0,120.0,0.6166666666666667,1,74,3
ROCm/rocm-libraries,943,163,93,2026-04-10 00:18:39+00:00,2026-04-16 22:57:41+00:00,2057576,False,False,1,5.785276073619632,0.09862142099681867,599942.0,0.001571818609132216,9,74,0
dotnet/docs,389,22,254,2026-04-10 13:25:49+00:00,2026-04-16 21:42:54+00:00,995205,False,False,1,17.681818181818183,0.6529562982005142,548225.0,0.0007095626795567513,10,74,3
kushin77/code-server,1243,8,65,2026-04-12 17:08:11+00:00,2026-04-16 22:58:27+00:00,4912417,False,False,0,155.375,0.05229283990345937,366616.0,0.0033904685011019705,8,74,1
ItsRobDude/WordsNWands,470,2,1,2026-04-10 16:37:34+00:00,2026-04-16 21:54:30+00:00,359109,False,False,0,235.0,0.002127659574468085,537416.0,0.0008745552793366778,5,74,1
hahwul/hwaro-examples,564,4,44,2026-04-10 02:17:08+00:00,2026-04-16 13:03:48+00:00,1479753,False,False,0,141.0,0.07801418439716312,557200.0,0.0010122038765254845,6,74,1
BintzGavin/helios,221,4,88,2026-04-10 00:56:19+00:00,2026-04-16 22:40:21+00:00,360249,False,False,0,55.25,0.39819004524886875,596642.0,0.00037040637434173257,5,74,1
aeMyst/CampuSync,74,1,0,2026-04-13 23:48:04+00:00,2026-04-13 23:48:46+00:00,53216,False,False,0,74.0,0.0,42.0,1.7619047619047619,1,74,3
logiq-ai/verisoftbench-repos,168,5,158,2026-04-10 13:54:14+00:00,2026-04-16 22:57:47+00:00,285177,False,False,1,33.6,0.9404761904761905,551013.0,0.00030489298800572765,5,74,3
meshtastic/Meshtastic-Android,435,16,182,2026-04-10 00:01:14+00:00,2026-04-16 22:25:13+00:00,746297,False,False,1,27.1875,0.41839080459770117,599039.0,0.0007261630711856824,11,74,1
gocmenperde/gocmenperde,374,3,15,2026-04-10 04:34:48+00:00,2026-04-16 21:28:09+00:00,395281,False,False,0,124.66666666666667,0.040106951871657755,579201.0,0.0006457171172011098,5,73,1
redhat-appstudio-qe/group-snapshot-multi-component,347,5,192,2026-04-10 02:39:03+00:00,2026-04-16 22:46:01+00:00,320972,False,False,1,69.4,0.553314121037464,590818.0,0.0005873213070691821,4,73,3
boardsesh/boardsesh,593,11,274,2026-04-10 00:16:15+00:00,2026-04-16 22:43:43+00:00,1699490,False,False,1,53.90909090909091,0.4620573355817875,599248.0,0.0009895735989106347,11,73,1
yugri/yugri.github.io,110,2,110,2026-04-10 07:38:12+00:00,2026-04-16 20:48:00+00:00,133258,False,False,0,55.0,1.0,565788.0,0.00019441911104512645,3,73,3
dnbexperience/eufemia,440,9,43,2026-04-10 04:57:14+00:00,2026-04-16 19:57:23+00:00,684785,False,False,1,48.888888888888886,0.09772727272727273,572409.0,0.0007686811353420368,7,73,1
ridedragon/ai-novel,371,1,0,2026-04-10 00:15:55+00:00,2026-04-16 17:35:45+00:00,242431,False,False,0,371.0,0.0,580790.0,0.0006387851030492949,4,73,2
modular-magician/docs-examples,123,1,0,2026-04-10 00:06:01+00:00,2026-04-16 22:40:32+00:00,81986,False,False,0,123.0,0.0,599671.0,0.00020511247000438575,2,73,2
ecamp/ecamp3,442,14,293,2026-04-10 01:31:54+00:00,2026-04-16 21:31:37+00:00,780931,False,False,1,31.571428571428573,0.6628959276018099,590383.0,0.0007486665435827251,9,72,3
re-cinq/wave,570,2,21,2026-04-10 00:01:21+00:00,2026-04-16 16:40:00+00:00,2114639,False,False,1,285.0,0.03684210526315789,578319.0,0.0009856152054488958,7,72,1
comet-ml/opik,775,67,236,2026-04-10 00:19:49+00:00,2026-04-16 21:39:38+00:00,2140639,False,False,1,11.567164179104477,0.30451612903225805,595189.0,0.0013021073978181721,11,72,1
duck8823/traceary,484,5,52,2026-04-10 03:41:30+00:00,2026-04-14 22:37:17+00:00,980287,False,False,0,96.8,0.10743801652892562,413747.0,0.001169797001549256,9,72,1
matt-RHC/door-hardware-tracker,358,3,39,2026-04-10 00:25:54+00:00,2026-04-16 22:50:48+00:00,652924,False,False,0,119.33333333333333,0.10893854748603352,599094.0,0.0005975689958504008,5,72,1
StarRocks/starrocks,933,60,505,2026-04-10 00:51:27+00:00,2026-04-16 17:13:23+00:00,4317889,False,False,1,15.55,0.5412647374062165,577316.0,0.0016160993286172564,10,72,3
dayfine/trading,390,2,8,2026-04-10 04:20:01+00:00,2026-04-16 22:53:14+00:00,308132,False,False,0,195.0,0.020512820512820513,585193.0,0.0006664467961851902,5,72,1
promptfoo/promptfoo,1132,93,391,2026-04-10 00:19:47+00:00,2026-04-16 22:56:29+00:00,2861329,False,False,1,12.172043010752688,0.3454063604240283,599802.0,0.00188728947219249,10,71,1
bitnami/containers,329,8,302,2026-04-10 08:49:39+00:00,2026-04-16 21:11:37+00:00,397760,False,False,1,41.125,0.9179331306990881,562918.0,0.0005844545742008606,7,71,3
getvictor/fleet-mirror,218,1,0,2026-04-10 00:41:05+00:00,2026-04-16 20:48:30+00:00,131822,False,False,0,218.0,0.0,590845.0,0.0003689630952280209,2,71,2
ministryofjustice/cloud-platform-environments,372,58,17,2026-04-10 06:14:35+00:00,2026-04-16 21:42:46+00:00,827699,False,False,1,6.413793103448276,0.0456989247311828,574091.0,0.0006479808950149019,6,71,0
langchain-ai/docs,318,40,170,2026-04-10 00:07:37+00:00,2026-04-16 20:28:24+00:00,579344,False,False,1,7.95,0.5345911949685535,591647.0,0.0005374826543530179,9,71,2
Kilo-Org/kilocode,683,134,135,2026-04-10 02:16:07+00:00,2026-04-16 22:21:43+00:00,1522005,False,False,1,5.097014925373134,0.19765739385065886,590736.0,0.001156184827063189,11,71,0
KBVE/kbve,499,5,184,2026-04-10 00:08:13+00:00,2026-04-16 22:56:45+00:00,997168,False,False,1,99.8,0.3687374749498998,600512.0,0.0008309575828626238,7,71,1
JetBrains/kotlin,433,59,11,2026-04-10 01:24:33+00:00,2026-04-16 22:34:51+00:00,510508,False,False,1,7.338983050847458,0.025404157043879907,594618.0,0.0007281986081820597,9,71,0
sasha9954/photostudio-core-SER-COMFY,324,2,9,2026-04-10 07:03:12+00:00,2026-04-16 15:52:04+00:00,309275,False,False,0,162.0,0.027777777777777776,550132.0,0.000588949561196222,5,71,1
shopware/shopware,544,64,154,2026-04-10 03:52:45+00:00,2026-04-16 21:18:39+00:00,1585347,False,False,1,8.5,0.28308823529411764,581154.0,0.0009360685807892573,9,70,0
ros2-gbp/yasmin-release,184,1,0,2026-04-13 11:47:08+00:00,2026-04-13 14:06:07+00:00,143768,False,False,1,184.0,0.0,8339.0,0.022064995802854058,2,70,2
Stenflyingdutch/faircare5.0,375,3,66,2026-04-10 00:09:25+00:00,2026-04-16 20:19:38+00:00,743454,False,False,0,125.0,0.176,591013.0,0.0006345038095608726,7,70,1
LucasSantana-Dev/Lucky,674,7,318,2026-04-10 00:01:13+00:00,2026-04-16 22:59:26+00:00,2746926,False,False,0,96.28571428571429,0.47181008902077154,601093.0,0.001121290715413422,8,70,1
ethereum-optimism/optimism,331,36,123,2026-04-10 08:22:00+00:00,2026-04-16 21:38:34+00:00,649964,False,False,1,9.194444444444445,0.3716012084592145,566194.0,0.0005846052766366298,8,70,0
kody-w/rappterverse,375,2,98,2026-04-10 14:37:09+00:00,2026-04-16 21:55:12+00:00,403581,False,False,0,187.5,0.2613333333333333,544683.0,0.0006884738462555284,5,70,1
SqlCoop/OpenCLI,70,1,0,2026-04-11 17:22:30+00:00,2026-04-11 17:22:57+00:00,41146,False,False,0,70.0,0.0,27.0,2.5925925925925926,1,70,3
darinh/the-matrix,422,2,27,2026-04-10 00:53:15+00:00,2026-04-16 22:41:36+00:00,445727,False,False,0,211.0,0.06398104265402843,596901.0,0.0007069849103955262,7,70,1
MINI-V-Android/platform_external_AFLplusplus,70,1,0,2026-04-13 02:45:40+00:00,2026-04-14 01:49:29+00:00,56824,False,False,1,70.0,0.0,83029.0,0.0008430789242312927,1,70,2
mintlify/docs,326,12,177,2026-04-10 00:10:46+00:00,2026-04-16 22:32:07+00:00,605496,False,False,1,27.166666666666668,0.5429447852760736,598881.0,0.0005443485433667122,9,70,3
rami-aouinti/bro-world-vue,312,2,29,2026-04-10 00:10:59+00:00,2026-04-16 22:59:02+00:00,497017,False,False,0,156.0,0.09294871794871795,600483.0,0.0005195817367019549,4,69,1
maestro-auth-test/maestro-test2,191,5,186,2026-04-14 09:01:48+00:00,2026-04-15 14:35:46+00:00,170119,False,False,1,38.2,0.9738219895287958,106438.0,0.001794471899133768,4,69,3
runatlantis/atlantis-tests,264,1,264,2026-04-10 01:46:27+00:00,2026-04-16 17:37:26+00:00,703350,False,False,1,264.0,1.0,575459.0,0.00045876422125642314,4,69,4
sammcgrail/survivors,319,4,0,2026-04-14 17:56:09+00:00,2026-04-16 12:22:12+00:00,592559,False,False,0,79.75,0.0,152763.0,0.0020882019860830174,8,69,1
yogparel8299-ux/UnifiedSaas,94,1,0,2026-04-12 20:16:14+00:00,2026-04-15 15:03:22+00:00,63370,False,False,0,94.0,0.0,240428.0,0.0003909694378358594,2,69,2
llvm/llvm-project,3007,563,102,2026-04-10 00:06:34+00:00,2026-04-16 22:58:22+00:00,13889649,False,False,1,5.341030195381883,0.03392085134685733,600708.0,0.005005759870020043,10,69,0
solanyn/home-ops,495,2,223,2026-04-10 00:07:08+00:00,2026-04-16 22:19:27+00:00,827528,False,False,0,247.5,0.4505050505050505,598339.0,0.000827290215078743,7,68,1
CodeByAfroj/test_ci_cd,230,1,0,2026-04-12 18:23:31+00:00,2026-04-16 21:55:05+00:00,139714,False,False,0,230.0,0.0,358294.0,0.0006419309282321222,4,68,2
oven-sh/bun,1564,93,693,2026-04-10 00:12:35+00:00,2026-04-16 22:59:59+00:00,7652066,False,False,1,16.817204301075268,0.4430946291560102,600444.0,0.0026047391596884972,11,68,1
FathanahHidayati/https-github.com-DefectDojo-django-DefectDojo,68,1,0,2026-04-14 10:08:48+00:00,2026-04-14 10:13:25+00:00,47388,False,False,0,68.0,0.0,277.0,0.24548736462093862,1,68,3
BillWagner/docs,297,2,271,2026-04-10 14:24:54+00:00,2026-04-16 19:29:00+00:00,535497,False,False,0,148.5,0.9124579124579124,536646.0,0.000553437461566843,5,68,3
agmhss/a.i,68,1,0,2026-04-14 15:54:04+00:00,2026-04-14 15:55:02+00:00,40912,False,False,0,68.0,0.0,58.0,1.1724137931034482,1,68,3
mP1/walkingkooka-spreadsheet-dominokit,295,1,0,2026-04-10 01:44:27+00:00,2026-04-16 21:59:25+00:00,238286,False,False,0,295.0,0.0,591298.0,0.000498902414687687,5,68,2
rhsCZ/WSL,98,1,0,2026-04-12 17:41:09+00:00,2026-04-16 22:05:45+00:00,57362,False,False,0,98.0,0.0,361476.0,0.0002711106684814483,2,68,2
RodneyArnold/go,68,1,0,2026-04-11 03:58:41+00:00,2026-04-11 03:58:58+00:00,40892,False,False,0,68.0,0.0,17.0,4.0,1,68,3
mutx-dev/mutx-dev,554,7,109,2026-04-10 02:28:03+00:00,2026-04-16 22:50:25+00:00,1442444,False,False,1,79.14285714285714,0.1967509025270758,591742.0,0.0009362188250960722,9,68,1
CarlosDanielDev/maestro,307,3,1,2026-04-10 01:32:40+00:00,2026-04-16 22:38:00+00:00,1381630,False,False,0,102.33333333333333,0.003257328990228013,594320.0,0.0005165567371113205,9,68,1
LukeAFullard/SIVO_dev,230,3,11,2026-04-10 01:48:16+00:00,2026-04-16 22:40:40+00:00,174803,False,False,0,76.66666666666667,0.04782608695652174,593544.0,0.0003875028641516046,3,68,1
AFnRFCb7/visitor,68,1,0,2026-04-12 21:24:49+00:00,2026-04-16 20:53:02+00:00,44200,False,False,0,68.0,0.0,343693.0,0.00019785098910946687,1,68,2
theneworacle/theneworacle.github.io,325,1,325,2026-04-10 02:05:05+00:00,2026-04-16 22:35:14+00:00,305931,False,False,1,325.0,1.0,592209.0,0.0005487927404007706,4,68,4
teddyli18000/nexu,70,1,0,2026-04-13 16:17:03+00:00,2026-04-14 16:32:09+00:00,55533,False,False,0,70.0,0.0,87306.0,0.000801777655602135,2,68,2
redhat-appstudio-qe/konflux-test-integration-clone,204,5,94,2026-04-10 02:38:52+00:00,2026-04-16 22:46:01+00:00,191470,True,False,1,40.8,0.46078431372549017,590829.0,0.0003452775676210883,4,68,4
davidkelley/searchlite,479,3,16,2026-04-10 08:12:01+00:00,2026-04-16 22:55:55+00:00,1077482,False,False,0,159.66666666666666,0.033402922755741124,571434.0,0.0008382420367006513,9,68,1
bioconda/bioconda-recipes,658,57,57,2026-04-10 00:13:00+00:00,2026-04-16 22:38:29+00:00,916086,False,False,1,11.543859649122806,0.08662613981762918,599129.0,0.0010982609755161243,11,67,1
macro-inc/macro,466,16,101,2026-04-10 00:07:09+00:00,2026-04-16 22:40:01+00:00,1061680,False,False,1,29.125,0.2167381974248927,599572.0,0.0007772210843735198,9,67,1
schacon/grit,297,2,95,2026-04-10 00:13:57+00:00,2026-04-14 14:23:40+00:00,277333,False,False,0,148.5,0.31986531986531985,396583.0,0.0007488974565223421,4,67,1
Takenori-Kusaka/ganbari-quest,815,4,136,2026-04-10 00:58:07+00:00,2026-04-16 22:59:56+00:00,2543234,False,False,0,203.75,0.1668711656441718,597709.0,0.0013635397827370843,8,67,1
Chravel-Inc/chravel-web,397,9,150,2026-04-10 00:07:22+00:00,2026-04-16 21:26:27+00:00,1217629,False,False,1,44.111111111111114,0.3778337531486146,595145.0,0.0006670643288610339,6,67,1
W3EvolutionsLLC/openclaw,148,1,0,2026-04-10 00:37:56+00:00,2026-04-16 20:20:04+00:00,124137,False,False,1,148.0,0.0,589328.0,0.000251133494420764,3,67,2
AFnRFCb7/resource,67,1,0,2026-04-12 21:01:04+00:00,2026-04-16 19:34:14+00:00,43684,False,False,0,67.0,0.0,340390.0,0.00019683304444901437,1,67,2
adamtheturtle/literalizer,427,4,68,2026-04-10 22:45:50+00:00,2026-04-16 22:54:46+00:00,615404,False,False,0,106.75,0.1592505854800937,518936.0,0.0008228374982656821,9,67,1
jeong-sik/oas,471,2,0,2026-04-10 02:34:01+00:00,2026-04-16 20:23:34+00:00,722174,False,False,0,235.5,0.0,582573.0,0.0008084823704497118,8,67,1
OpenRailAssociation/osrd,481,43,130,2026-04-10 05:02:58+00:00,2026-04-16 22:53:39+00:00,796607,False,False,1,11.186046511627907,0.2702702702702703,582641.0,0.0008255512399573666,8,67,1
Roberdan/convergio,734,3,61,2026-04-10 04:57:15+00:00,2026-04-16 11:31:25+00:00,1719163,False,False,0,244.66666666666666,0.08310626702997276,542050.0,0.0013541186237431971,7,67,1
sebharvey/airline-reservation-system,304,1,0,2026-04-10 10:51:57+00:00,2026-04-16 19:09:07+00:00,219494,False,False,0,304.0,0.0,548230.0,0.0005545117924958502,4,67,2
fdittgen-png/tankstellen,348,2,4,2026-04-10 07:06:07+00:00,2026-04-16 22:38:20+00:00,651471,False,False,0,174.0,0.011494252873563218,574333.0,0.0006059202588045611,7,67,1
nitro0dust-pixel/paperclipai-paperclip,67,1,0,2026-04-14 12:59:22+00:00,2026-04-14 13:00:25+00:00,47152,False,False,0,67.0,0.0,63.0,1.0634920634920635,1,67,3
Ponrajk22/ReferMakkale,274,1,274,2026-04-10 00:42:20+00:00,2026-04-16 22:18:45+00:00,269102,False,False,0,274.0,1.0,596185.0,0.00045958888600015094,3,67,4
TheLarkInn/aipm,503,4,296,2026-04-10 00:29:38+00:00,2026-04-16 21:33:43+00:00,1509467,False,False,0,125.75,0.588469184890656,594245.0,0.000846452220885325,9,66,3
alexlebens/infrastructure,391,1,0,2026-04-10 00:35:34+00:00,2026-04-16 22:07:36+00:00,234258,False,False,0,391.0,0.0,595922.0,0.0006561261373132726,3,66,2
M1XZG/M1XZG,348,2,151,2026-04-10 00:53:10+00:00,2026-04-16 22:46:57+00:00,213119,False,False,0,174.0,0.4339080459770115,597227.0,0.0005826930128745016,4,66,1
nicklasorte/spectrum-systems,588,3,145,2026-04-10 00:57:30+00:00,2026-04-16 21:53:24+00:00,1468452,False,False,0,196.0,0.2465986394557823,593754.0,0.0009903091179175214,7,66,1
Tenebrie/timelines,396,5,356,2026-04-11 23:12:29+00:00,2026-04-16 18:47:05+00:00,605882,False,False,0,79.2,0.898989898989899,416076.0,0.0009517491996654457,8,66,3
CatChen/accept-to-ship-action,267,5,235,2026-04-10 15:04:28+00:00,2026-04-16 15:11:51+00:00,517371,False,False,0,53.4,0.8801498127340824,518843.0,0.0005146065380086076,6,66,3
trapacska/ruby-ffi-example-renamed,147,1,0,2026-04-10 09:39:38+00:00,2026-04-10 10:14:53+00:00,90875,False,False,0,147.0,0.0,2115.0,0.06950354609929078,2,66,2
AFnRFCb7/failure,66,1,0,2026-04-12 20:20:46+00:00,2026-04-16 20:52:55+00:00,42900,False,False,0,66.0,0.0,347529.0,0.00018991220876531166,1,66,2
MINI-V-Android/platform_external_setfilters,66,1,0,2026-04-13 03:21:43+00:00,2026-04-13 03:21:59+00:00,53532,False,False,1,66.0,0.0,16.0,4.125,1,66,3
Brothertown-Language/snea-shoebox-editor,475,2,0,2026-04-10 18:45:19+00:00,2026-04-16 14:27:41+00:00,2662713,False,False,1,237.5,0.0,502942.0,0.0009444428979882372,6,66,1
machado470/NexoGestao,286,1,0,2026-04-10 01:02:49+00:00,2026-04-16 22:23:14+00:00,224535,False,False,0,286.0,0.0,595225.0,0.00048049057079255745,3,66,2
MattE-ui/P-L-Calendar-App-Final,216,2,5,2026-04-10 15:54:05+00:00,2026-04-16 22:04:51+00:00,174052,False,False,0,108.0,0.023148148148148147,540646.0,0.00039952205324741145,5,66,1
webmakery/webhost,270,2,3,2026-04-14 05:39:24+00:00,2026-04-16 22:49:16+00:00,237406,False,False,1,135.0,0.011111111111111112,234592.0,0.001150934388214432,6,66,1
A-U-Supply/a-u.supply,281,1,0,2026-04-10 21:57:30+00:00,2026-04-16 22:11:24+00:00,296927,False,False,1,281.0,0.0,519234.0,0.000541181817831652,5,66,2
lahirunirmalx/epoch-calculator,264,1,0,2026-04-10 00:30:14+00:00,2026-04-16 19:30:12+00:00,178425,False,False,0,264.0,0.0,586798.0,0.0004498992839103064,4,66,2
maravexa/hyprsaver,237,2,1,2026-04-10 01:02:55+00:00,2026-04-16 22:53:32+00:00,162630,False,False,0,118.5,0.004219409282700422,597037.0,0.0003969603223920796,5,65,1
Ck1sap/anthropics-claude-code,65,1,0,2026-04-11 22:03:48+00:00,2026-04-11 22:04:02+00:00,41323,False,False,0,65.0,0.0,14.0,4.642857142857143,1,65,3
bmbouter/alcove,334,4,123,2026-04-10 00:54:27+00:00,2026-04-16 16:35:22+00:00,740706,False,False,0,83.5,0.36826347305389223,574855.0,0.0005810160823164103,7,65,1
superset-sh/superset,716,123,328,2026-04-10 00:12:05+00:00,2026-04-16 22:39:05+00:00,3028824,False,False,1,5.821138211382114,0.4581005586592179,599220.0,0.001194886686025166,11,65,0
stuart-c/addon-eink,434,4,63,2026-04-10 00:04:05+00:00,2026-04-16 22:12:26+00:00,405051,False,False,0,108.5,0.14516129032258066,598101.0,0.0007256299521318306,6,65,1
niluferbagevi-gif/Sidar,414,2,24,2026-04-10 00:06:38+00:00,2026-04-16 15:35:14+00:00,404317,False,False,0,207.0,0.057971014492753624,574116.0,0.0007211086261313045,6,65,1
openautonomyx/localstack-docs,65,1,0,2026-04-13 03:36:36+00:00,2026-04-13 03:37:03+00:00,51389,False,False,1,65.0,0.0,27.0,2.4074074074074074,1,65,3
zhitukeji0625/sishi-zichan,81,1,81,2026-04-10 04:06:09+00:00,2026-04-16 22:05:24+00:00,52493,False,False,0,81.0,1.0,583155.0,0.00013889960645111505,2,65,4
cloudflare/cloudflare-docs,840,131,219,2026-04-10 00:25:41+00:00,2026-04-16 22:59:17+00:00,2911908,False,False,1,6.412213740458015,0.26071428571428573,599616.0,0.0014008965738072365,10,65,0
CSOAI-ORG/awesome-mcp-servers-1,134,1,0,2026-04-13 17:24:13+00:00,2026-04-14 09:28:23+00:00,87504,False,False,0,134.0,0.0,57850.0,0.002316335350043215,2,65,2
ceruleanstring/taiwan-md,73,2,0,2026-04-10 08:18:09+00:00,2026-04-16 05:53:57+00:00,48158,False,False,0,36.5,0.0,509748.0,0.0001432080165101187,2,65,1
srikruthainfotech/v0-website-redesign,199,3,60,2026-04-12 04:08:21+00:00,2026-04-16 14:58:41+00:00,160085,False,False,0,66.33333333333333,0.3015075376884422,384620.0,0.0005173937912745047,6,65,1
dstein64/dstein64,125,1,125,2026-04-10 03:07:02+00:00,2026-04-16 22:18:20+00:00,75420,False,False,0,125.0,1.0,587478.0,0.00021277392515123972,2,65,4
madmax983/arthropod,239,4,58,2026-04-10 01:37:36+00:00,2026-04-16 22:17:33+00:00,555165,False,False,0,59.75,0.24267782426778242,592797.0,0.00040317343036486353,7,65,1
terrapkg/packages,601,9,3,2026-04-10 01:05:45+00:00,2026-04-16 22:40:11+00:00,656869,False,False,1,66.77777777777777,0.004991680532445923,596066.0,0.0010082776068421953,7,65,1
aelmanaa/cl-docs,112,1,112,2026-04-10 00:00:03+00:00,2026-04-16 22:22:41+00:00,94254,False,False,0,112.0,1.0,598958.0,0.0001869914084126099,2,65,4
t0k0sh1/ry,669,4,214,2026-04-10 00:05:52+00:00,2026-04-16 22:51:55+00:00,3146596,False,False,0,167.25,0.31988041853512705,600363.0,0.001114325832871113,8,64,1
ten9876/AetherSDR,584,50,207,2026-04-10 00:08:47+00:00,2026-04-16 19:20:45+00:00,2724693,False,False,0,11.68,0.3544520547945205,587518.0,0.0009940120983527314,11,64,1
dsneed123/bucket-budget,223,1,0,2026-04-16 06:38:41+00:00,2026-04-16 22:48:35+00:00,141411,False,False,0,223.0,0.0,58194.0,0.0038320101728700554,4,64,2
zemn-me/monorepo,1310,3,1309,2026-04-10 03:51:47+00:00,2026-04-16 22:33:03+00:00,1186582,False,False,1,436.6666666666667,0.999236641221374,585676.0,0.002236731571722249,5,64,3
PrajwolInCode/SortMyLife,322,2,25,2026-04-10 00:29:00+00:00,2026-04-14 13:17:49+00:00,495569,False,False,0,161.0,0.07763975155279502,391729.0,0.0008219968396519022,4,64,1
krancour/test-repo,207,1,207,2026-04-10 17:44:11+00:00,2026-04-11 00:30:56+00:00,129683,False,False,0,207.0,1.0,24405.0,0.008481868469575906,3,64,4
KTDS-AXBD/Foundry-X,479,2,0,2026-04-10 00:10:09+00:00,2026-04-16 22:55:16+00:00,719365,False,False,1,239.5,0.0,600307.0,0.0007979250616767753,6,64,1
HKati/pulse-release-gates-0.1,225,4,41,2026-04-10 09:23:43+00:00,2026-04-16 22:52:14+00:00,466542,False,False,0,56.25,0.18222222222222223,566911.0,0.0003968876948939075,6,64,1
tklute/AICam,194,1,0,2026-04-10 00:23:54+00:00,2026-04-16 22:35:08+00:00,125616,False,False,0,194.0,0.0,598274.0,0.00032426613892631135,4,64,2
Antonelli-Tech-Solutions/spades,698,3,59,2026-04-11 05:15:10+00:00,2026-04-16 11:40:58+00:00,2717517,False,False,1,232.66666666666666,0.08452722063037249,455148.0,0.0015335671034476697,6,64,1
openshift-pipelines/operator,854,7,789,2026-04-10 02:44:12+00:00,2026-04-16 12:32:06+00:00,2277960,True,False,1,122.0,0.9238875878220141,553674.0,0.001542423881200851,6,64,6
flutter/flutter,931,124,414,2026-04-10 00:05:36+00:00,2026-04-16 22:55:51+00:00,3910771,False,False,1,7.508064516129032,0.4446831364124597,600615.0,0.0015500778368838608,10,64,0
Ash254-code/Muster,388,1,0,2026-04-10 00:00:27+00:00,2026-04-15 04:13:27+00:00,291547,False,False,0,388.0,0.0,447180.0,0.0008676595554362896,4,64,2
bruceamoser/OpenBaD,561,2,0,2026-04-10 00:02:52+00:00,2026-04-15 04:56:12+00:00,1872113,False,False,0,280.5,0.0,449600.0,0.0012477758007117437,7,64,1
hyperspaceai/agi,56495,4,56491,2026-04-10 00:00:10+00:00,2026-04-16 22:59:51+00:00,47731215,False,False,1,14123.75,0.999929197274095,601181.0,0.09397336243161378,5,64,3
santhank8/paperclone,66,1,0,2026-04-13 23:54:54+00:00,2026-04-14 00:39:03+00:00,45787,False,False,0,66.0,0.0,2649.0,0.02491506228765572,3,64,2
ThuWangzw/ThuWangzw,126,1,126,2026-04-10 00:34:01+00:00,2026-04-16 20:19:05+00:00,78264,False,False,0,126.0,1.0,589504.0,0.000213739007708175,2,64,4
AICMO/Autonomous-Agent-X-Bluesky,286,3,200,2026-04-10 03:58:52+00:00,2026-04-16 21:38:00+00:00,337555,False,False,1,95.33333333333333,0.6993006993006993,581948.0,0.0004914528445840522,6,64,3
tokuhirom/mutsu,228,1,0,2026-04-10 09:56:11+00:00,2026-04-16 12:55:06+00:00,142910,False,False,0,228.0,0.0,529135.0,0.00043089192739093047,4,64,2
WykedSamurai/WSG,278,3,20,2026-04-10 03:52:53+00:00,2026-04-16 08:10:24+00:00,318325,False,False,0,92.66666666666667,0.07194244604316546,533851.0,0.0005207445523189054,6,64,1
konflux-qe-bd/nodejs-npm-sample-repo,176,2,81,2026-04-10 08:46:14+00:00,2026-04-16 19:46:27+00:00,151619,False,False,1,88.0,0.4602272727272727,558013.0,0.00031540483823853564,4,64,1
rafalbigaj/instana-go-sensor,64,1,64,2026-04-10 05:54:06+00:00,2026-04-16 06:05:10+00:00,47280,False,False,0,64.0,1.0,519064.0,0.00012329886102677127,1,64,4
Jimimaku/backstage,177,5,62,2026-04-10 19:54:08+00:00,2026-04-16 22:50:05+00:00,514546,False,False,0,35.4,0.3502824858757062,528957.0,0.00033462077257697694,5,64,1
nsantini99/a,63,1,0,2026-04-16 20:38:59+00:00,2026-04-16 20:39:50+00:00,38555,False,False,0,63.0,0.0,51.0,1.2352941176470589,1,63,3
maximhq/bifrost,940,68,292,2026-04-10 00:51:01+00:00,2026-04-16 22:34:26+00:00,4010410,False,False,1,13.823529411764707,0.31063829787234043,596605.0,0.0015755818338766855,11,63,1
DOsinga/world66,288,3,0,2026-04-10 00:21:36+00:00,2026-04-16 20:32:44+00:00,238253,False,False,0,96.0,0.0,591068.0,0.0004872535816521957,7,63,1
coinerd/q,607,3,8,2026-04-10 04:54:10+00:00,2026-04-16 22:58:15+00:00,2354271,False,False,0,202.33333333333334,0.013179571663920923,583445.0,0.0010403722715937236,8,63,1
IAs-MCPs-Skills/Paperclip,64,1,0,2026-04-13 11:38:51+00:00,2026-04-13 21:27:49+00:00,54146,False,False,1,64.0,0.0,35338.0,0.0018110815552662856,2,63,2
SharathGames1/Pls_Dont_Sue_me_Eden,63,1,0,2026-04-14 09:52:58+00:00,2026-04-14 09:53:47+00:00,39424,False,False,0,63.0,0.0,49.0,1.2857142857142858,1,63,3
humingqiang8/test10,64,1,0,2026-04-10 02:40:49+00:00,2026-04-16 22:03:37+00:00,39262,False,False,0,64.0,0.0,588168.0,0.00010881244814406769,2,63,2
ydb-platform/ydb,1188,80,305,2026-04-10 01:04:14+00:00,2026-04-16 22:31:20+00:00,4923344,False,False,1,14.85,0.25673400673400676,595626.0,0.001994540198043739,9,63,1
shortalex12333/Cloud_PMS,190,2,13,2026-04-10 23:19:55+00:00,2026-04-16 22:08:23+00:00,264234,False,False,0,95.0,0.06842105263157895,514108.0,0.0003695721521548002,5,63,1
blamechris/carebridge,506,2,0,2026-04-10 02:54:44+00:00,2026-04-16 22:45:56+00:00,1547483,False,False,0,253.0,0.0,589872.0,0.0008578132204952939,8,63,1
konflux-qe-bd/nodejs-yarn-modern-sample-app,154,2,59,2026-04-10 08:47:18+00:00,2026-04-16 20:05:05+00:00,142691,False,False,1,77.0,0.38311688311688313,559067.0,0.0002754589342601155,5,63,1
wrbenner/sitesync-pm,265,5,127,2026-04-10 02:57:27+00:00,2026-04-16 22:50:34+00:00,594016,False,False,0,53.0,0.47924528301886793,589987.0,0.0004491624391723885,7,63,1
ventd/ventd,311,2,2,2026-04-14 03:36:02+00:00,2026-04-16 21:20:19+00:00,471680,False,False,1,155.5,0.006430868167202572,236657.0,0.0013141381831088875,7,63,1
lobehub/lobehub,654,120,144,2026-04-10 00:33:41+00:00,2026-04-16 22:21:43+00:00,2150546,False,False,1,5.45,0.22018348623853212,596882.0,0.0010956939562593612,11,63,0
anza-xyz/agave,388,43,187,2026-04-10 00:20:08+00:00,2026-04-16 21:11:04+00:00,1086493,False,False,1,9.023255813953488,0.48195876288659795,593456.0,0.0006537974171631932,8,63,0
BerriAI/litellm,1195,249,494,2026-04-10 00:09:01+00:00,2026-04-16 22:53:11+00:00,5949545,False,False,1,4.7991967871485945,0.41338912133891215,600250.0,0.0019908371511870053,11,63,0
SirMal/unsloth,62,1,0,2026-04-12 16:40:07+00:00,2026-04-12 16:40:46+00:00,35250,False,False,0,62.0,0.0,39.0,1.5897435897435896,1,62,3
shep-ai/sheep,608,2,8,2026-04-10 00:17:47+00:00,2026-04-16 22:17:22+00:00,494907,False,False,1,304.0,0.013157894736842105,597575.0,0.0010174455089319331,5,62,1
incheckdev-glitch/Ticketing-dashboard,250,2,10,2026-04-10 06:45:05+00:00,2026-04-16 12:42:01+00:00,284447,False,False,0,125.0,0.04,539816.0,0.00046312076707618894,4,62,1
DataDog/integrations-core,515,54,298,2026-04-10 00:27:23+00:00,2026-04-16 21:34:04+00:00,1329221,True,False,1,9.537037037037036,0.5786407766990291,594401.0,0.0008664184616109327,7,62,5
mistlehq/mistle,303,4,27,2026-04-10 02:02:53+00:00,2026-04-16 21:00:38+00:00,245194,False,False,1,75.75,0.0891089108910891,586665.0,0.0005164787399964205,4,62,1
cristianadam/qt-creator,164,1,0,2026-04-10 06:05:14+00:00,2026-04-16 21:40:07+00:00,103426,False,False,0,164.0,0.0,574493.0,0.00028546910058086,3,62,2
AngelGota/AngelGota,133,1,133,2026-04-10 02:09:34+00:00,2026-04-16 21:58:23+00:00,81737,False,False,0,133.0,1.0,589729.0,0.00022552731848018328,2,62,4
sarthakaggarwal97/valkey,162,1,0,2026-04-10 17:33:17+00:00,2026-04-16 22:26:51+00:00,104922,False,False,0,162.0,0.0,536014.0,0.00030223091187916735,3,62,2
Expensify/App,2966,208,1006,2026-04-10 00:01:15+00:00,2026-04-16 22:58:59+00:00,29821041,False,False,1,14.259615384615385,0.3391773432231962,601064.0,0.004934582673392517,11,62,1
arthexis/arthexis,918,7,419,2026-04-10 00:01:19+00:00,2026-04-16 22:51:30+00:00,4079928,False,False,0,131.14285714285714,0.4564270152505447,600611.0,0.0015284435350001915,8,62,1
opentabs-dev/opentabs,216,18,23,2026-04-10 03:33:52+00:00,2026-04-16 18:33:51+00:00,239750,False,False,0,12.0,0.10648148148148148,572399.0,0.0003773591498238117,10,62,1
empirical-run/flash-tests,178,2,174,2026-04-10 02:15:57+00:00,2026-04-16 18:45:45+00:00,143327,False,False,1,89.0,0.9775280898876404,577788.0,0.00030807147258163895,4,62,3
LukasParke/plex-api-spec,178,1,178,2026-04-10 01:40:29+00:00,2026-04-16 22:19:18+00:00,112738,False,False,0,178.0,1.0,592729.0,0.00030030587334178014,3,62,4
0odonkihooto0/Komplid2,234,1,0,2026-04-10 06:12:29+00:00,2026-04-16 15:32:55+00:00,159131,False,False,0,234.0,0.0,552026.0,0.0004238930774999728,4,62,2
BasedHardware/omi,598,165,108,2026-04-10 04:20:55+00:00,2026-04-16 22:59:25+00:00,1644201,False,False,1,3.624242424242424,0.1806020066889632,585510.0,0.0010213318303701046,11,62,0
krishnaawasthi-26/Interactive-Question-Management-Sheet,295,3,48,2026-04-10 17:08:08+00:00,2026-04-16 19:39:03+00:00,619970,False,False,0,98.33333333333333,0.16271186440677965,527455.0,0.0005592894180546208,6,62,1
nintyboy/workshop-trigger-test,145,2,144,2026-04-13 22:11:56+00:00,2026-04-16 22:25:12+00:00,102087,False,False,0,72.5,0.993103448275862,259996.0,0.0005577008877059647,3,62,3
clovenbradshaw-ctrl/EO-DB,183,1,0,2026-04-10 03:20:42+00:00,2026-04-16 22:45:58+00:00,132690,False,False,0,183.0,0.0,588316.0,0.00031105732293529325,3,61,2
PostHog/wizard-workbench,124,4,112,2026-04-12 16:38:08+00:00,2026-04-15 19:56:46+00:00,242285,False,False,1,31.0,0.9032258064516129,271118.0,0.0004573654275997905,5,61,3
juspay/hyperswitch-prism,467,35,242,2026-04-10 00:09:38+00:00,2026-04-16 22:55:55+00:00,758667,False,False,1,13.342857142857143,0.5182012847965739,600377.0,0.0007778445876507594,8,61,3
TimShererWithAquent/dotnet-docs,302,1,302,2026-04-15 03:51:47+00:00,2026-04-15 05:18:30+00:00,1038151,False,False,0,302.0,1.0,5203.0,0.05804343647895445,4,61,4
o9nn/cogpilot.jl,61,1,61,2026-04-10 00:11:30+00:00,2026-04-16 21:15:10+00:00,53192,False,False,1,61.0,1.0,594220.0,0.0001026555821076369,1,61,4
mud-the-developer/oai_gnb_elixir,276,1,0,2026-04-10 06:36:08+00:00,2026-04-16 17:04:20+00:00,192775,False,False,0,276.0,0.0,556092.0,0.000496320752681211,4,61,2
Yunconnect/tailscale-android-custom,61,1,0,2026-04-15 11:45:15+00:00,2026-04-15 11:45:43+00:00,37478,False,False,0,61.0,0.0,28.0,2.1785714285714284,1,61,3
fleetyards/fleetyards,221,4,137,2026-04-10 02:33:12+00:00,2026-04-16 20:03:53+00:00,214370,False,False,1,55.25,0.6199095022624435,581441.0,0.0003800901553210042,6,61,3
madmax983/abrash,235,3,36,2026-04-10 02:28:47+00:00,2026-04-16 22:41:28+00:00,449853,False,False,0,78.33333333333333,0.15319148936170213,591161.0,0.00039752284064747164,5,61,1
PolPol45/alphaHunter,643,3,61,2026-04-11 20:21:27+00:00,2026-04-16 11:07:09+00:00,3193155,False,False,0,214.33333333333334,0.09486780715396578,398742.0,0.0016125715374853916,8,61,1
trezor/trezor-suite,509,44,48,2026-04-10 06:09:01+00:00,2026-04-16 21:55:33+00:00,1069882,False,False,1,11.568181818181818,0.09430255402750491,575192.0,0.0008849219043380297,9,61,1
Skamba/VibeSensor,353,3,92,2026-04-11 16:22:45+00:00,2026-04-16 16:41:12+00:00,502185,False,False,0,117.66666666666667,0.26062322946175637,433107.0,0.0008150410868445904,7,61,1
EthanFlower1/mediamtx,222,1,0,2026-04-10 01:00:59+00:00,2026-04-16 04:36:40+00:00,169634,False,False,0,222.0,0.0,531341.0,0.00041781078441151725,3,61,2
deckhouse/deckhouse,774,59,67,2026-04-10 04:22:00+00:00,2026-04-16 20:28:01+00:00,1446633,False,False,1,13.11864406779661,0.08656330749354005,576361.0,0.0013429083508426144,7,61,1
renovatebot/renovate,333,42,217,2026-04-10 06:02:55+00:00,2026-04-16 22:38:13+00:00,698907,False,False,1,7.928571428571429,0.6516516516516516,578118.0,0.0005760069743547165,12,61,2
rlcancian/Genesys-Simulator,306,3,19,2026-04-10 00:37:20+00:00,2026-04-16 20:11:54+00:00,311250,False,False,0,102.0,0.06209150326797386,588874.0,0.0005196357794706507,8,61,1
Halildeu/platform-ssot,374,3,88,2026-04-10 05:40:04+00:00,2026-04-16 19:58:10+00:00,813204,False,False,0,124.66666666666667,0.23529411764705882,569886.0,0.0006562716051982326,5,61,1
konflux-qe-bd/pip-e2e-test,161,2,72,2026-04-10 08:47:03+00:00,2026-04-16 20:05:43+00:00,135975,False,False,1,80.5,0.4472049689440994,559120.0,0.0002879524967806553,4,61,1
protoLabsAI/protoMaker,325,4,98,2026-04-10 03:04:59+00:00,2026-04-15 23:34:31+00:00,1215873,False,False,1,81.25,0.30153846153846153,505772.0,0.000642582033010922,9,61,1
PackRat-AI/PackRat,1033,9,262,2026-04-10 07:36:21+00:00,2026-04-16 13:41:54+00:00,3342460,True,False,1,114.77777777777777,0.2536302032913843,540333.0,0.0019117840294781182,8,61,4
ytarasova/ark,286,4,2,2026-04-10 00:00:27+00:00,2026-04-16 20:45:27+00:00,277799,False,False,0,71.5,0.006993006993006993,593100.0,0.00048221210588433655,7,61,1
sgl-project/sglang,1502,264,334,2026-04-10 00:03:18+00:00,2026-04-16 22:52:43+00:00,6517666,False,False,1,5.6893939393939394,0.22237017310252996,600565.0,0.0025009782454855013,11,61,0
vertz-dev/vertz,328,3,74,2026-04-10 00:01:46+00:00,2026-04-16 22:10:04+00:00,720997,False,False,1,109.33333333333333,0.22560975609756098,598098.0,0.0005484051108681186,7,60,1
generative-ai-practice/news-summarizer-ai,157,1,157,2026-04-10 04:07:38+00:00,2026-04-16 21:37:54+00:00,165718,False,False,1,157.0,1.0,581416.0,0.0002700304085198894,3,60,4
serenakeyitan/paperclip-tree,428,3,23,2026-04-10 22:30:52+00:00,2026-04-16 07:12:53+00:00,1023461,False,False,0,142.66666666666666,0.053738317757009345,463321.0,0.0009237655966381838,7,60,1
atlanhq/application-sdk,493,26,78,2026-04-10 06:49:17+00:00,2026-04-16 19:54:59+00:00,1255855,False,False,1,18.96153846153846,0.15821501014198783,565542.0,0.0008717301279126926,7,60,1
adhithyan15/coding-adventures,408,4,5,2026-04-10 03:04:29+00:00,2026-04-16 22:49:32+00:00,395019,False,False,0,102.0,0.012254901960784314,589503.0,0.0006921084371071903,8,60,1
shikanime/manifests,699,2,187,2026-04-10 10:23:10+00:00,2026-04-16 22:58:48+00:00,537476,False,False,0,349.5,0.2675250357653791,563738.0,0.0012399377015563967,5,60,1
numtide/go2nix,178,5,85,2026-04-10 08:05:53+00:00,2026-04-16 16:11:05+00:00,171822,False,False,1,35.6,0.47752808988764045,547512.0,0.0003251070296176157,5,60,1
jtb75/silkstrand,200,4,32,2026-04-13 01:41:40+00:00,2026-04-16 17:48:29+00:00,493295,False,False,0,50.0,0.16,317209.0,0.0006304991346399377,6,60,1
markupai/marketplace-partner-apps,333,1,0,2026-04-10 00:20:06+00:00,2026-04-16 22:33:04+00:00,270876,False,False,1,333.0,0.0,598378.0,0.0005565044169404624,3,60,2
Oats87/image-mirror,60,1,60,2026-04-10 09:27:03+00:00,2026-04-16 17:30:45+00:00,36540,False,False,0,60.0,1.0,547422.0,0.00010960465600578713,1,60,4
0x3EF8/0x3EF8,220,2,20,2026-04-10 05:24:51+00:00,2026-04-16 17:55:41+00:00,138409,False,False,0,110.0,0.09090909090909091,563450.0,0.00039045168160440144,5,60,1
lablup/backend.ai-webui,852,8,220,2026-04-10 02:12:24+00:00,2026-04-16 22:37:25+00:00,2239794,False,False,1,106.5,0.25821596244131456,591901.0,0.0014394299046631108,8,60,1
ikc2210/finserv-monorepo-demo,178,2,130,2026-04-13 08:17:02+00:00,2026-04-16 18:24:29+00:00,470028,False,False,0,89.0,0.7303370786516854,295647.0,0.0006020693597432072,8,60,3
ballerina-platform/ballerina-performance-cloud,101,2,101,2026-04-10 07:04:23+00:00,2026-04-16 12:41:47+00:00,311852,False,False,1,50.5,1.0,538644.0,0.00018750789018349783,3,60,3
noreplyahso/Rowboat,60,1,0,2026-04-13 13:57:51+00:00,2026-04-13 13:58:47+00:00,34108,False,False,0,60.0,0.0,56.0,1.0714285714285714,1,60,3
pirica/it-management,439,3,16,2026-04-10 00:23:11+00:00,2026-04-16 22:56:57+00:00,394401,False,False,0,146.33333333333334,0.03644646924829157,599626.0,0.0007321230233512222,7,60,1
speakeasy-api/gram,664,26,270,2026-04-10 01:04:23+00:00,2026-04-16 22:52:49+00:00,2095834,False,False,1,25.53846153846154,0.4066265060240964,596906.0,0.0011124029579196724,9,60,1
oxc-project/oxc,569,65,281,2026-04-10 00:10:22+00:00,2026-04-16 21:16:39+00:00,1561332,False,False,1,8.753846153846155,0.4938488576449912,594377.0,0.0009573048755251297,11,60,0
appscode-images/elastic,60,1,0,2026-04-11 21:21:25+00:00,2026-04-15 04:36:17+00:00,47084,False,False,1,60.0,0.0,285292.0,0.00021031083942066374,1,60,2
Kdog1232/staar-success-generator,250,3,34,2026-04-10 13:13:22+00:00,2026-04-16 20:11:54+00:00,498808,True,False,0,83.33333333333333,0.136,543512.0,0.0004599714449726961,4,60,4
alericp/spartanlab,400,2,225,2026-04-10 00:03:39+00:00,2026-04-16 22:57:42+00:00,522200,False,False,0,200.0,0.5625,600843.0,0.0006657313141702574,5,60,3
l2ggy/portfolio,314,2,21,2026-04-13 05:45:32+00:00,2026-04-16 04:55:57+00:00,406875,False,False,0,157.0,0.06687898089171974,256225.0,0.001225485413211045,5,59,1
fern-api/fern,917,27,395,2026-04-10 00:20:49+00:00,2026-04-16 22:53:12+00:00,1971436,False,False,1,33.96296296296296,0.430752453653217,599543.0,0.0015294983012060853,10,59,1
kunickiaj/codemem,311,6,29,2026-04-10 00:53:29+00:00,2026-04-15 21:11:18+00:00,600019,False,False,0,51.833333333333336,0.0932475884244373,505069.0,0.0006157574509621458,9,59,1
dogtoothdigital-droid/housinginsightsdc,59,1,0,2026-04-16 20:05:25+00:00,2026-04-16 20:06:21+00:00,38311,False,False,0,59.0,0.0,56.0,1.0535714285714286,1,59,3
researcherhojin/nuri-quant,398,5,113,2026-04-10 03:43:32+00:00,2026-04-16 18:46:23+00:00,786226,False,False,0,79.6,0.28391959798994976,572571.0,0.000695110300731263,8,59,1
MINI-V-Android/platform_external_sg3_utils,59,1,0,2026-04-13 03:22:14+00:00,2026-04-13 03:23:04+00:00,47759,False,False,1,59.0,0.0,50.0,1.18,1,59,3
konflux-qe-bd/rust-cargo-sample-app,159,2,74,2026-04-10 08:45:55+00:00,2026-04-16 20:19:28+00:00,135789,False,False,1,79.5,0.46540880503144655,560013.0,0.00028392198038259826,4,59,1
neilhwang/htm,166,1,0,2026-04-10 16:27:29+00:00,2026-04-16 20:17:57+00:00,92866,False,False,0,166.0,0.0,532228.0,0.0003118964052999842,3,59,2
cbrwizard/agentbrew,59,1,0,2026-04-11 00:43:55+00:00,2026-04-13 02:13:01+00:00,39199,False,False,0,59.0,0.0,178146.0,0.00033118902473252274,1,59,2
SauersML/gnomon,186,4,106,2026-04-10 00:08:07+00:00,2026-04-16 22:25:35+00:00,586510,False,False,0,46.5,0.5698924731182796,598648.0,0.00031070011091659873,5,59,3
authelia/authelia,366,27,212,2026-04-10 00:12:50+00:00,2026-04-16 20:46:39+00:00,1084363,False,False,1,13.555555555555555,0.5792349726775956,592429.0,0.0006177955501840726,9,59,3
lifadev/devcontainers,108,3,87,2026-04-10 00:59:47+00:00,2026-04-16 22:42:33+00:00,383502,False,False,1,36.0,0.8055555555555556,596566.0,0.00018103613011804227,3,59,3
swarupsengupta2007/openclaw,63,1,0,2026-04-12 04:33:46+00:00,2026-04-12 04:34:46+00:00,44174,False,False,0,63.0,0.0,60.0,1.05,2,59,3
IAreKyleW00t/verified-bot-commit,249,5,238,2026-04-10 20:00:59+00:00,2026-04-15 03:44:20+00:00,192002,True,False,0,49.8,0.9558232931726908,373401.0,0.0006668434203443483,5,59,6
thomasjteachey/TrinityCore112,270,1,0,2026-04-10 00:01:41+00:00,2026-04-16 22:53:38+00:00,224514,False,False,0,270.0,0.0,600717.0,0.0004494628918442461,3,59,2
Molten-Bot/moltenhub-code,300,2,0,2026-04-10 00:02:34+00:00,2026-04-16 22:10:36+00:00,262239,False,False,1,150.0,0.0,598082.0,0.0005016034590574537,4,58,1
AFnRFCb7/fixture,58,1,0,2026-04-12 20:20:48+00:00,2026-04-16 20:58:08+00:00,37700,False,False,0,58.0,0.0,347840.0,0.00016674333026678933,1,58,2
konflux-qe-bd/retrodep,146,2,66,2026-04-10 08:46:45+00:00,2026-04-16 20:19:26+00:00,121388,False,False,1,73.0,0.4520547945205479,559961.0,0.0002607324438666264,4,58,1
KafeMars/best-ips-domains,180,2,170,2026-04-10 05:54:44+00:00,2026-04-16 22:35:47+00:00,111472,False,False,0,90.0,0.9444444444444444,578463.0,0.0003111694265666084,3,58,3
StegGhost/entity-sandbox-runner,439,2,418,2026-04-10 00:05:08+00:00,2026-04-16 21:12:08+00:00,358332,False,False,1,219.5,0.9521640091116174,594420.0,0.0007385350425624979,2,58,3
jomcgi/homelab,437,4,72,2026-04-10 00:24:09+00:00,2026-04-16 22:39:20+00:00,304861,False,False,0,109.25,0.16475972540045766,598511.0,0.0007301453106125034,5,58,1
pulumi/pulumi,261,27,108,2026-04-10 00:01:27+00:00,2026-04-16 21:43:16+00:00,369019,False,False,1,9.666666666666666,0.41379310344827586,596509.0,0.0004375457872387508,10,58,0
s243a/UnifyWeaver,179,1,0,2026-04-10 00:04:00+00:00,2026-04-16 20:23:08+00:00,127938,False,False,0,179.0,0.0,591548.0,0.0003025959009243544,3,58,2
zhuliuyang0203/9876543456787654,58,1,0,2026-04-13 01:34:54+00:00,2026-04-13 01:38:26+00:00,35396,False,False,0,58.0,0.0,212.0,0.27358490566037735,1,58,3
archestra-ai/archestra,422,39,114,2026-04-10 01:36:31+00:00,2026-04-16 22:52:52+00:00,731891,False,False,1,10.820512820512821,0.27014218009478674,594981.0,0.0007092663463203027,11,58,1
NouamaneTazi/NouamaneTazi,58,1,58,2026-04-10 00:48:00+00:00,2026-04-16 22:19:58+00:00,35670,False,False,0,58.0,1.0,595918.0,9.732882712050987e-05,1,58,4
radicle-dev/heartwood,338,1,0,2026-04-13 18:21:41+00:00,2026-04-16 19:02:20+00:00,260771,False,False,1,338.0,0.0,261639.0,0.0012918563364024476,3,58,2
ramarlina/agx,229,3,0,2026-04-10 04:46:17+00:00,2026-04-16 21:21:31+00:00,160131,False,False,0,76.33333333333333,0.0,578114.0,0.0003961156450111916,8,58,1
therealsiege/Penpal,453,1,0,2026-04-13 02:17:23+00:00,2026-04-16 22:29:09+00:00,2205573,False,False,0,453.0,0.0,331906.0,0.001364844263134743,6,58,2
DeputyFifeofMayberry/followup-hq,391,3,66,2026-04-10 00:00:03+00:00,2026-04-16 22:16:11+00:00,873791,False,False,0,130.33333333333334,0.16879795396419436,598568.0,0.0006532256986674864,8,58,1
MasterDD-L34D/Game,683,2,14,2026-04-13 20:37:59+00:00,2026-04-16 22:44:07+00:00,688419,False,False,0,341.5,0.020497803806734993,266768.0,0.0025602770947040126,8,58,1
github/gh-aw,2260,32,785,2026-04-10 00:02:22+00:00,2026-04-16 22:57:56+00:00,11751198,False,False,1,70.625,0.3473451327433628,600934.0,0.00376081233546446,11,58,1
kirby-test-runner/kirby-integration-test-repository,128,1,0,2026-04-11 23:27:34+00:00,2026-04-16 02:03:35+00:00,104029,True,False,0,128.0,0.0,354961.0,0.00036060299582207624,4,58,5
luisquintanilla/docs,284,2,284,2026-04-15 01:13:31+00:00,2026-04-15 01:39:53+00:00,653770,False,False,0,142.0,1.0,1582.0,0.179519595448799,6,58,4
qwdaiahaya780/py-algo-batch-2,277,2,0,2026-04-10 05:33:21+00:00,2026-04-10 11:06:40+00:00,280061,False,False,0,138.5,0.0,19999.0,0.013850692534626731,5,57,1
guichitos/BrandEnforcerKitBuilderAbril,268,1,0,2026-04-10 17:21:28+00:00,2026-04-16 22:55:09+00:00,215271,False,False,0,268.0,0.0,538421.0,0.0004977517593110224,4,57,2
MINI-V-Android/platform_external_spdx-tools,57,1,0,2026-04-13 03:24:05+00:00,2026-04-13 03:24:21+00:00,46145,False,False,1,57.0,0.0,16.0,3.5625,1,57,3
voidfreud/ita,390,1,0,2026-04-10 15:40:33+00:00,2026-04-14 10:00:45+00:00,878811,False,False,0,390.0,0.0,325212.0,0.001199217741042766,7,57,2
demisto/dockerfiles,316,9,286,2026-04-10 07:31:34+00:00,2026-04-16 16:10:20+00:00,825704,False,False,1,35.111111111111114,0.9050632911392406,549526.0,0.0005750410353650237,6,57,3
jeremymcs/gsd-2,115,1,0,2026-04-10 00:23:42+00:00,2026-04-16 22:48:54+00:00,78982,False,False,0,115.0,0.0,599112.0,0.00019195075378226442,4,57,2
LeonidaTheGreat/leadflow,315,1,0,2026-04-10 00:17:47+00:00,2026-04-16 21:57:09+00:00,442198,False,False,0,315.0,0.0,596362.0,0.0005282026688487864,5,57,2
ReliablyObserve/Loki-VL-proxy,452,4,199,2026-04-10 07:24:10+00:00,2026-04-16 20:51:01+00:00,929796,False,False,1,113.0,0.44026548672566373,566811.0,0.0007974439451598505,7,57,1
MathieuGrosso/frileux,241,2,17,2026-04-12 10:21:18+00:00,2026-04-16 22:54:30+00:00,295891,False,False,0,120.5,0.07053941908713693,390792.0,0.0006166963499764581,5,57,1
christiandubon01/poweron-hub,98,1,0,2026-04-10 00:00:12+00:00,2026-04-16 05:51:48+00:00,59115,False,False,0,98.0,0.0,539496.0,0.00018165102243575485,2,57,2
morgannito/zombie-browser-game,263,2,11,2026-04-13 05:05:10+00:00,2026-04-16 21:29:46+00:00,213837,False,False,0,131.5,0.04182509505703422,318276.0,0.0008263268358280235,5,57,1
cocoa007/bff-skills,78,1,0,2026-04-13 16:40:59+00:00,2026-04-16 21:42:08+00:00,55376,False,False,0,78.0,0.0,277269.0,0.00028131525702476657,2,57,2
carina-rs/carina,317,1,0,2026-04-10 03:09:14+00:00,2026-04-16 22:51:33+00:00,483270,False,False,1,317.0,0.0,589339.0,0.0005378907555753141,6,57,2
SimulatorLife/GMLoop,340,4,126,2026-04-10 01:53:32+00:00,2026-04-16 22:33:25+00:00,890441,False,False,1,85.0,0.37058823529411766,592793.0,0.0005735560305199285,5,57,1
apexbusiness-systems/sbbl-hq,351,5,42,2026-04-10 00:08:51+00:00,2026-04-16 22:38:38+00:00,642795,False,False,0,70.2,0.11965811965811966,599387.0,0.0005855982862491178,5,57,1
Shopify/cli,338,30,97,2026-04-10 00:10:26+00:00,2026-04-16 22:11:43+00:00,638192,False,False,1,11.266666666666667,0.2869822485207101,597677.0,0.0005655228492981995,9,57,1
rhsCZ/AdGuardHome,61,1,0,2026-04-12 15:48:43+00:00,2026-04-16 14:02:24+00:00,36493,False,False,0,61.0,0.0,339221.0,0.0001798237727027513,2,57,2
holos-run/holos-console,473,2,0,2026-04-10 00:33:58+00:00,2026-04-16 21:08:21+00:00,1578840,False,False,1,236.5,0.0,592463.0,0.0007983620918099527,8,57,1
thinkwork-ai/thinkwork,265,2,0,2026-04-10 00:49:28+00:00,2026-04-16 22:54:44+00:00,216538,False,False,1,132.5,0.0,597916.0,0.00044320606907993765,5,57,1
stackrox/stackrox,761,41,272,2026-04-10 00:45:16+00:00,2026-04-16 22:09:17+00:00,2558312,False,False,1,18.5609756097561,0.35742444152431013,595441.0,0.001278044340245297,8,57,1
element-hq/element-web,283,31,127,2026-04-10 02:13:57+00:00,2026-04-16 22:33:36+00:00,533310,False,False,1,9.129032258064516,0.44876325088339225,591579.0,0.0004783807403575854,10,57,0
rjwalters/kicad-tools,487,1,0,2026-04-11 21:08:44+00:00,2026-04-16 17:20:55+00:00,1437218,False,False,0,487.0,0.0,418331.0,0.0011641499195613042,7,57,2
supabase/supabase,817,155,272,2026-04-10 00:09:44+00:00,2026-04-16 22:38:37+00:00,2946783,False,False,1,5.2709677419354835,0.3329253365973072,599333.0,0.0013631820707353008,11,57,0
packetqc/knowledge,257,1,0,2026-04-10 10:13:00+00:00,2026-04-16 19:56:33+00:00,166826,False,False,0,257.0,0.0,553413.0,0.000464390970215734,5,56,2
PKRoma/electron,161,1,0,2026-04-10 04:13:13+00:00,2026-04-16 16:15:54+00:00,99629,False,False,0,161.0,0.0,561761.0,0.00028659874929017856,3,56,2
ai-dynamo/aiconfigurator,296,16,78,2026-04-10 00:00:21+00:00,2026-04-16 22:40:39+00:00,742265,True,False,1,18.5,0.2635135135135135,600018.0,0.0004933185337773201,9,56,4
AFnRFCb7/resource-logger,56,1,0,2026-04-12 20:48:28+00:00,2026-04-16 20:34:19+00:00,37296,True,False,0,56.0,0.0,344751.0,0.0001624360770527134,1,56,5
Dioss1718/PolarisAI,157,1,0,2026-04-11 13:23:07+00:00,2026-04-12 17:35:50+00:00,111133,False,False,0,157.0,0.0,101563.0,0.0015458385435640932,3,56,2
OmniNode-ai/omnidash,179,5,117,2026-04-10 01:42:10+00:00,2026-04-15 19:05:00+00:00,259627,False,False,1,35.8,0.6536312849162011,494570.0,0.00036193056594617545,7,56,3
krancovia/kargo,516,3,234,2026-04-11 17:13:51+00:00,2026-04-13 10:45:35+00:00,1536333,False,False,1,172.0,0.45348837209302323,149504.0,0.0034514126712328766,6,56,1
botexpertsnl/reparatie_melder_app,279,2,28,2026-04-10 05:17:27+00:00,2026-04-16 22:31:39+00:00,483748,True,False,0,139.5,0.1003584229390681,580452.0,0.0004806598995265758,5,56,4
VHN-DEV/thanh-truc-phong-van-kiem,282,2,5,2026-04-10 04:14:47+00:00,2026-04-16 06:52:40+00:00,251298,False,False,0,141.0,0.01773049645390071,527873.0,0.0005342194050462895,5,56,1
DataDog/dd-trace-java,304,32,142,2026-04-10 05:50:50+00:00,2026-04-16 22:38:26+00:00,633374,False,False,1,9.5,0.46710526315789475,578856.0,0.0005251737910637533,9,56,0
percyj114/openclaw,70,1,0,2026-04-10 02:11:25+00:00,2026-04-16 02:19:33+00:00,45958,False,False,0,70.0,0.0,518888.0,0.00013490387135566828,2,56,2
wait2021/linphone-desktop-full,58,2,57,2026-04-10 13:48:02+00:00,2026-04-10 15:03:50+00:00,36006,False,False,0,29.0,0.9827586206896551,4548.0,0.012752858399296393,2,56,3
mangoRyw/aiohttp-mryw-copy,174,3,149,2026-04-10 15:33:11+00:00,2026-04-16 21:55:27+00:00,291096,False,False,0,58.0,0.8563218390804598,541336.0,0.0003214269880443939,5,56,3
senyorbishop-blip/Alpha,235,1,0,2026-04-13 04:18:35+00:00,2026-04-16 15:18:21+00:00,180166,False,False,0,235.0,0.0,298786.0,0.0007865161018253867,3,56,2
adcontextprotocol/adcp,363,9,61,2026-04-10 00:03:04+00:00,2026-04-16 22:13:28+00:00,557629,False,False,1,40.333333333333336,0.16804407713498623,598224.0,0.0006067961165048543,9,56,1
CivicPatch/open-data,175,7,129,2026-04-10 00:22:09+00:00,2026-04-16 22:56:11+00:00,419822,False,False,1,25.0,0.7371428571428571,599642.0,0.00029184079834301135,7,56,3
Abraxas-S3M/S3M-Core,189,3,68,2026-04-10 06:19:26+00:00,2026-04-15 19:30:30+00:00,166195,False,False,1,63.0,0.35978835978835977,479464.0,0.0003941901790332538,4,56,1
icdev-ai/icdev,177,1,0,2026-04-10 00:14:07+00:00,2026-04-16 21:53:12+00:00,182224,False,False,0,177.0,0.0,596345.0,0.00029680805573954673,4,56,2
workflowsconnectortest/createpullrequest,226,1,0,2026-04-10 02:25:21+00:00,2026-04-16 02:32:27+00:00,366992,False,False,0,226.0,0.0,518826.0,0.0004355988327493225,5,56,2
ethyca/fides,416,28,154,2026-04-10 01:14:48+00:00,2026-04-16 22:58:23+00:00,809817,False,False,1,14.857142857142858,0.3701923076923077,596615.0,0.0006972670817864116,8,55,1
rap72391307/lm-evaluation-harness,55,1,0,2026-04-15 05:04:58+00:00,2026-04-15 05:05:33+00:00,33497,False,False,0,55.0,0.0,35.0,1.5714285714285714,1,55,3
26520556/cc-switch,55,1,0,2026-04-15 04:31:23+00:00,2026-04-15 04:31:49+00:00,31966,False,False,0,55.0,0.0,26.0,2.1153846153846154,1,55,3
MosEisley34/wta_edge_board,265,2,9,2026-04-10 00:13:30+00:00,2026-04-13 18:56:37+00:00,249440,False,False,0,132.5,0.033962264150943396,326587.0,0.0008114223774981858,5,55,1
felipedrf74/cortex-telegram-hub-bot,116,2,55,2026-04-10 09:00:22+00:00,2026-04-16 21:26:54+00:00,80884,True,False,0,58.0,0.47413793103448276,563192.0,0.00020596883478458502,2,55,4
Guoyuer/portal,325,4,86,2026-04-10 00:01:04+00:00,2026-04-15 13:59:27+00:00,777753,False,False,0,81.25,0.26461538461538464,482303.0,0.000673850255959428,7,55,1
ellistarn/kro,351,1,0,2026-04-10 00:05:14+00:00,2026-04-16 22:56:58+00:00,224200,False,False,0,351.0,0.0,600704.0,0.0005843144044321329,5,55,2
pohanhuang/harvester,232,4,130,2026-04-11 08:34:31+00:00,2026-04-16 12:47:50+00:00,610307,False,False,0,58.0,0.5603448275862069,447199.0,0.0005187847021124824,6,55,3
DFE-Digital/register-early-career-teachers-public,297,22,150,2026-04-10 07:58:42+00:00,2026-04-16 20:08:27+00:00,663340,False,False,1,13.5,0.5050505050505051,562185.0,0.0005282958456735772,8,55,3
formatjs/formatjs,493,10,334,2026-04-10 00:34:16+00:00,2026-04-16 12:41:46+00:00,848566,False,False,1,49.3,0.6774847870182555,562050.0,0.0008771461613735433,9,55,3
ryanparsa/klist,247,4,63,2026-04-10 00:19:56+00:00,2026-04-16 20:54:39+00:00,1145925,False,False,0,61.75,0.2550607287449393,592483.0,0.0004168895985201263,8,55,1
Syasu-pixel/my-site,258,2,2,2026-04-10 03:28:19+00:00,2026-04-16 02:56:34+00:00,196242,False,False,0,129.0,0.007751937984496124,516495.0,0.0004995208085267041,4,55,1
konflux-qe-bd/nodejs-yarn-sample-app,146,2,54,2026-04-10 08:47:46+00:00,2026-04-16 20:19:29+00:00,127064,False,False,1,73.0,0.3698630136986301,559903.0,0.0002607594529766763,4,55,1
CSOAI-ORG/awesome-mcp-servers,114,1,0,2026-04-13 17:23:31+00:00,2026-04-16 08:16:49+00:00,71725,False,False,0,114.0,0.0,226398.0,0.0005035380171202926,2,55,2
dipper-github-preprod/report-individual-builds-batch-matrix,116,1,0,2026-04-10 00:22:16+00:00,2026-04-16 20:37:45+00:00,90606,False,False,0,116.0,0.0,591329.0,0.00019616829210135136,3,55,2
databricks/cli,274,20,81,2026-04-10 07:52:44+00:00,2026-04-16 19:48:13+00:00,383258,False,False,1,13.7,0.2956204379562044,561329.0,0.00048812728364292597,9,55,1
meysamzandy/lang,129,1,129,2026-04-10 03:46:58+00:00,2026-04-16 05:22:27+00:00,127268,False,False,0,129.0,1.0,524129.0,0.00024612261485245046,2,55,4
wavlake/monorepo,357,6,61,2026-04-10 02:36:45+00:00,2026-04-16 21:39:15+00:00,987661,False,False,1,59.5,0.17086834733893558,586950.0,0.0006082289803220035,6,55,1
AmrAlaraby/Restaurant-Project-Front,140,7,0,2026-04-10 11:57:24+00:00,2026-04-16 18:27:43+00:00,106813,False,False,0,20.0,0.0,541819.0,0.00025838887156042883,5,55,1
vortex-data/vortex,467,21,84,2026-04-10 02:04:25+00:00,2026-04-16 22:59:25+00:00,1846209,False,False,1,22.238095238095237,0.17987152034261242,593700.0,0.00078659255516254,10,55,1
the-machine-herald/machineherald.io,353,3,82,2026-04-10 06:38:47+00:00,2026-04-16 15:24:52+00:00,558850,False,False,1,117.66666666666667,0.23229461756373937,549965.0,0.0006418590273926522,5,55,1
luishakludo/tstesesesesesessese,233,2,131,2026-04-10 06:24:12+00:00,2026-04-16 06:56:31+00:00,217555,False,False,0,116.5,0.5622317596566524,520339.0,0.00044778500170081426,5,55,3
weizhe0422/rancher-image-mirror,55,1,55,2026-04-10 10:06:15+00:00,2026-04-16 18:09:05+00:00,34815,False,False,0,55.0,1.0,547370.0,0.00010048047938323255,1,55,4
langfuse/langfuse,485,114,183,2026-04-10 00:16:38+00:00,2026-04-16 22:25:47+00:00,1093310,False,False,1,4.254385964912281,0.37731958762886597,598149.0,0.0008108347585635017,12,55,0
LehlohonoloIsaac/trading_webhook,269,2,19,2026-04-10 18:41:41+00:00,2026-04-16 22:38:09+00:00,302081,False,False,0,134.5,0.07063197026022305,532588.0,0.0005050808504885577,6,55,1
philchia/opentelemetry-collector-contrib,259,2,259,2026-04-13 17:07:40+00:00,2026-04-16 05:52:57+00:00,1968896,False,False,0,129.5,1.0,218717.0,0.0011841786418065354,4,55,3
Alphonsus411/pCobra,240,2,37,2026-04-11 08:07:36+00:00,2026-04-16 18:06:01+00:00,316852,False,False,0,120.0,0.15416666666666667,467905.0,0.0005129246321368654,5,55,1
tenstorrent/tt-xla,293,48,26,2026-04-10 00:50:29+00:00,2026-04-16 22:42:51+00:00,567214,False,False,1,6.104166666666667,0.08873720136518772,597142.0,0.0004906705607711398,9,55,0
Asherlc/dofek,573,4,59,2026-04-10 00:02:47+00:00,2026-04-16 22:50:07+00:00,1347674,False,False,0,143.25,0.10296684118673648,600440.0,0.0009543001798680967,7,55,1
pbuchman/intexuraos,425,4,285,2026-04-10 08:59:25+00:00,2026-04-16 22:45:07+00:00,2095665,False,False,0,106.25,0.6705882352941176,567942.0,0.0007483158491536108,7,55,3
libliflin/poseur,223,1,0,2026-04-13 02:55:37+00:00,2026-04-16 22:45:29+00:00,147951,False,False,0,223.0,0.0,330592.0,0.0006745474784628788,4,54,2
web-platform-tests/wpt,547,49,436,2026-04-10 00:11:46+00:00,2026-04-16 22:54:46+00:00,1019170,False,False,1,11.16326530612245,0.7970749542961609,600180.0,0.0009113932486920591,11,54,3
pownkel/accessibility-insights-action,54,1,54,2026-04-10 04:19:05+00:00,2026-04-16 22:50:53+00:00,37854,False,False,0,54.0,1.0,585108.0,9.229065403310157e-05,1,54,4
promptfoo/modelaudit,682,11,293,2026-04-10 00:27:42+00:00,2026-04-16 22:56:43+00:00,2575657,False,False,1,62.0,0.42961876832844575,599341.0,0.0011379164782652947,7,54,1
MetaMask/core,462,53,113,2026-04-10 00:25:49+00:00,2026-04-16 22:54:12+00:00,914390,False,False,1,8.716981132075471,0.24458874458874458,599303.0,0.0007708955236332873,7,54,0
ogabasseyy/Baci,499,7,179,2026-04-10 00:29:02+00:00,2026-04-16 22:31:54+00:00,1940901,False,False,0,71.28571428571429,0.3587174348697395,597772.0,0.0008347664326867099,7,54,1
madmax983/orpheus,165,2,23,2026-04-10 00:27:52+00:00,2026-04-16 21:30:25+00:00,299914,False,False,0,82.5,0.1393939393939394,594153.0,0.0002777062473807252,5,54,1
RoobNood/DungeonAdventure,54,1,0,2026-04-14 06:02:12+00:00,2026-04-14 06:02:30+00:00,32798,False,False,0,54.0,0.0,18.0,3.0,1,54,3
v54dt/ArbX,183,1,0,2026-04-11 06:14:13+00:00,2026-04-16 15:29:12+00:00,110564,False,False,0,183.0,0.0,465299.0,0.00039329549386523505,4,54,2
stdlib-js/www-test-code-coverage,266,1,266,2026-04-10 00:17:02+00:00,2026-04-16 19:53:30+00:00,203903,False,False,1,266.0,1.0,588988.0,0.000451622104355267,3,54,4
lprior-repo/hardline,126,1,0,2026-04-10 00:17:42+00:00,2026-04-15 22:23:09+00:00,77207,False,False,0,126.0,0.0,511527.0,0.0002463213085526277,3,54,2
prowler-cloud/prowler,323,35,67,2026-04-10 06:01:05+00:00,2026-04-16 17:35:53+00:00,573136,False,False,1,9.228571428571428,0.20743034055727555,560088.0,0.0005766950907714502,10,54,0
AndroZa0812/HyperInfer,217,6,180,2026-04-10 07:36:50+00:00,2026-04-16 22:10:25+00:00,666509,False,False,0,36.166666666666664,0.8294930875576036,570815.0,0.0003801581948617328,7,54,3
discourse/discourse,510,52,113,2026-04-10 00:03:03+00:00,2026-04-16 22:55:59+00:00,870562,False,False,1,9.807692307692308,0.22156862745098038,600776.0,0.0008489020866346192,9,54,0
spiceai/spiceai,756,15,228,2026-04-10 00:00:59+00:00,2026-04-16 22:47:51+00:00,2193742,False,False,1,50.4,0.30158730158730157,600412.0,0.0012591353936963286,9,54,1
antiwork/gumroad,354,26,84,2026-04-10 06:36:08+00:00,2026-04-16 22:50:30+00:00,899759,False,False,1,13.615384615384615,0.23728813559322035,576862.0,0.0006136649666644709,11,54,1
Lennoxamazing/modulo-4,54,1,0,2026-04-13 23:46:35+00:00,2026-04-13 23:46:47+00:00,37400,False,False,0,54.0,0.0,12.0,4.5,1,54,3
basilisk-labs/agentplane,219,2,58,2026-04-10 00:01:44+00:00,2026-04-16 19:31:31+00:00,220039,False,False,1,109.5,0.2648401826484018,588587.0,0.000372077534841918,5,54,1
SlashNephy/divination-distrib,367,5,367,2026-04-10 01:58:04+00:00,2026-04-16 22:34:32+00:00,751827,False,False,0,73.4,1.0,592588.0,0.0006193172997090728,6,54,3
agent-persona/personas-pipeline,119,8,8,2026-04-10 05:12:45+00:00,2026-04-16 20:34:57+00:00,147879,False,False,1,14.875,0.06722689075630252,573732.0,0.00020741391451060775,8,54,1
fintella-ai/tariff-partner-portal,364,5,52,2026-04-11 00:05:55+00:00,2026-04-16 22:52:06+00:00,524521,False,False,0,72.8,0.14285714285714285,513971.0,0.0007082111636648761,6,54,1
google-ai-edge/LiteRT,395,36,338,2026-04-10 00:32:53+00:00,2026-04-16 22:44:15+00:00,585019,False,False,1,10.972222222222221,0.8556962025316456,598282.0,0.0006602237740730959,10,53,3
Mergifyio/mergify-cli,257,8,133,2026-04-10 07:08:20+00:00,2026-04-16 22:23:58+00:00,441618,False,False,1,32.125,0.5175097276264592,573338.0,0.00044825216538935147,7,53,3
MINI-V-Android/platform_external_leveldb,53,1,0,2026-04-13 03:08:23+00:00,2026-04-14 01:55:45+00:00,42823,False,False,1,53.0,0.0,82042.0,0.0006460105799468565,1,53,2
sarveshgupte/Docketra,361,8,47,2026-04-10 01:22:23+00:00,2026-04-16 22:25:35+00:00,520485,False,False,0,45.125,0.13019390581717452,594192.0,0.0006075477286802919,4,53,1
PostHog/posthog.com,4545,74,4321,2026-04-10 00:07:05+00:00,2026-04-16 22:39:30+00:00,3996747,False,False,1,61.41891891891892,0.9507150715071507,599545.0,0.007580748734456963,8,53,3
r3dbars/transcripted,222,4,0,2026-04-10 00:40:58+00:00,2026-04-16 17:51:35+00:00,185490,False,False,0,55.5,0.0,580237.0,0.00038260228148153253,7,53,1
nickolu/CometCave,231,2,23,2026-04-10 00:09:53+00:00,2026-04-16 07:34:28+00:00,432322,False,False,0,115.5,0.09956709956709957,545075.0,0.00042379489061138376,6,53,1
vl3c/Parsek,347,1,0,2026-04-10 09:13:59+00:00,2026-04-16 22:17:59+00:00,224218,False,False,0,347.0,0.0,565440.0,0.0006136813808715337,5,53,2
nashsan8476/A-,53,1,0,2026-04-15 13:12:06+00:00,2026-04-15 13:12:20+00:00,32360,False,False,0,53.0,0.0,14.0,3.7857142857142856,1,53,3
JAMMAN7-png/chains-pilot,519,5,59,2026-04-10 03:04:05+00:00,2026-04-14 00:38:36+00:00,1214226,False,False,0,103.8,0.11368015414258188,336871.0,0.0015406490911951459,7,53,1
pingdotgg/t3code,797,153,428,2026-04-10 00:05:52+00:00,2026-04-16 22:56:09+00:00,3578539,False,False,1,5.209150326797386,0.5370138017565872,600617.0,0.001326968767117814,11,53,2
cinnamoncrisp/rathena,53,1,0,2026-04-11 21:12:43+00:00,2026-04-11 21:15:52+00:00,32675,True,False,0,53.0,0.0,189.0,0.2804232804232804,1,53,6
PoiDNA/HTG2,389,3,32,2026-04-10 04:56:26+00:00,2026-04-16 21:59:30+00:00,504665,False,False,0,129.66666666666666,0.08226221079691516,579784.0,0.0006709395223048584,5,53,1
GhostComplex/isotopes,237,3,0,2026-04-10 01:15:39+00:00,2026-04-16 12:31:51+00:00,424736,False,False,1,79.0,0.0,558972.0,0.00042399261501470555,7,53,1
erichester76/hcl-netbox-discovery,438,2,0,2026-04-10 00:02:30+00:00,2026-04-16 21:50:09+00:00,950793,False,False,0,219.0,0.0,596859.0,0.0007338416610958367,8,53,1
Ahjan108/phoenix_omega_v4.8,393,4,134,2026-04-10 00:03:59+00:00,2026-04-16 22:58:04+00:00,1399899,False,False,0,98.25,0.34096692111959287,600845.0,0.0006540788389684528,7,53,1
apache/airflow,1041,117,192,2026-04-10 00:04:50+00:00,2026-04-16 22:08:54+00:00,3849830,False,False,1,8.897435897435898,0.1844380403458213,597844.0,0.0017412569165200285,10,53,0
Diixtra/diixtra-forge,369,4,204,2026-04-10 01:19:14+00:00,2026-04-16 22:45:58+00:00,663328,False,False,1,92.25,0.5528455284552846,595604.0,0.0006195391568894769,8,53,3
IL-Internet/squoosh,53,1,0,2026-04-15 01:42:00+00:00,2026-04-15 01:42:25+00:00,36226,False,False,0,53.0,0.0,25.0,2.12,1,53,3
scalr-automation/terraform-scalr-git-submodule,170,7,0,2026-04-10 03:29:23+00:00,2026-04-16 15:16:26+00:00,148438,False,False,1,24.285714285714285,0.0,560823.0,0.00030312594169639974,4,53,1
google/adk-samples,281,27,192,2026-04-10 00:23:06+00:00,2026-04-16 22:58:52+00:00,802720,False,False,1,10.407407407407407,0.6832740213523132,599746.0,0.00046853167841052714,9,53,3
ionut290/hera-app,301,3,48,2026-04-10 02:21:45+00:00,2026-04-16 18:07:47+00:00,549917,False,False,0,100.33333333333333,0.15946843853820597,575162.0,0.000523330818099944,6,53,1
devinrosen/conductor-ai,419,4,124,2026-04-10 00:07:08+00:00,2026-04-16 22:31:12+00:00,1034173,False,False,0,104.75,0.29594272076372313,599044.0,0.0006994477868069791,8,52,1
Waltzkid/Because,52,1,0,2026-04-16 09:01:45+00:00,2026-04-16 09:02:27+00:00,30180,False,False,0,52.0,0.0,42.0,1.2380952380952381,1,52,3
jigarvyasidea/Auto_MCP,52,1,52,2026-04-10 03:43:18+00:00,2026-04-16 21:40:46+00:00,31616,False,False,0,52.0,1.0,583048.0,8.91864820735171e-05,1,52,4
nteract/desktop,353,7,57,2026-04-10 03:44:16+00:00,2026-04-16 22:39:29+00:00,680610,False,False,1,50.42857142857143,0.16147308781869688,586513.0,0.0006018621923128729,10,52,1
tetherto/qvac,468,58,46,2026-04-10 00:03:41+00:00,2026-04-16 20:59:20+00:00,978536,False,False,1,8.068965517241379,0.09829059829059829,593739.0,0.0007882251292234467,10,52,0
USS-Participator/chain-love,99,3,0,2026-04-10 16:51:09+00:00,2026-04-16 16:37:46+00:00,72840,False,False,0,33.0,0.0,517597.0,0.000191268496533017,2,52,1
CarnaViire/docs,150,1,150,2026-04-15 09:32:29+00:00,2026-04-15 10:54:56+00:00,318358,False,False,0,150.0,1.0,4947.0,0.030321406913280776,4,52,4
LeadsForwardLLC/leadsforward-core-theme,169,1,0,2026-04-10 15:35:53+00:00,2026-04-16 14:52:50+00:00,158974,False,False,1,169.0,0.0,515817.0,0.00032763557618302615,4,52,2
ELOSSYSTEMS/stonev2,55,1,0,2026-04-10 07:01:51+00:00,2026-04-14 12:51:20+00:00,34685,False,False,0,55.0,0.0,366569.0,0.00015003996519072807,2,52,2
gunwookim0221/talkback-a11y-helper,225,1,0,2026-04-10 00:55:41+00:00,2026-04-16 22:08:48+00:00,189966,False,False,0,225.0,0.0,594787.0,0.0003782866807781609,3,52,2
silverlh614-lang/quantmaster-pro,276,2,0,2026-04-10 00:28:38+00:00,2026-04-16 22:54:01+00:00,314530,False,False,0,138.0,0.0,599123.0,0.0004606733508812047,4,52,1
ht202/Lerobot-arm,52,1,0,2026-04-14 09:47:03+00:00,2026-04-14 09:47:54+00:00,31098,True,False,0,52.0,0.0,51.0,1.0196078431372548,1,52,6
KittyCAD/modeling-app,448,25,94,2026-04-10 00:14:48+00:00,2026-04-16 22:18:09+00:00,1101431,False,False,1,17.92,0.20982142857142858,597801.0,0.0007494132662876108,10,52,1
ruffy80/ZeusAI,613,6,110,2026-04-10 07:45:53+00:00,2026-04-16 22:54:18+00:00,801046,False,False,0,102.16666666666667,0.17944535073409462,572905.0,0.0010699854251577487,7,52,1
Mazahir26/plus_plugins,128,1,128,2026-04-10 07:34:33+00:00,2026-04-10 08:13:21+00:00,162625,False,False,0,128.0,1.0,2328.0,0.054982817869415807,2,52,4
MINI-V-Android/platform_external_ksp,52,1,0,2026-04-13 03:08:02+00:00,2026-04-13 03:08:44+00:00,41478,False,False,1,52.0,0.0,42.0,1.2380952380952381,1,52,3
ramasofficial/lang,109,1,109,2026-04-10 03:49:29+00:00,2026-04-16 05:06:13+00:00,105737,False,False,0,109.0,1.0,523004.0,0.0002084114079433427,2,52,4
pleasedodisturb/kestrel,375,11,92,2026-04-10 05:54:50+00:00,2026-04-16 22:15:34+00:00,1235687,False,False,0,34.09090909090909,0.24533333333333332,577244.0,0.0006496386276860392,9,52,1
OpenHands/benchmarks,131,7,112,2026-04-10 01:04:45+00:00,2026-04-15 21:13:23+00:00,212528,False,False,1,18.714285714285715,0.8549618320610687,504518.0,0.00025965376854740566,6,52,3
MapleMonk/612c7c6cd0ae95dcd91163e1,166,1,0,2026-04-10 04:02:40+00:00,2026-04-16 14:20:35+00:00,141624,False,False,1,166.0,0.0,555475.0,0.0002988433322831811,2,52,2
aoxc/aoxchain,461,2,3,2026-04-10 00:38:19+00:00,2026-04-16 22:40:55+00:00,337509,False,False,0,230.5,0.006507592190889371,597756.0,0.0007712176874845255,5,52,1
flink-ci/flink,93,1,0,2026-04-10 04:43:09+00:00,2026-04-16 18:14:44+00:00,71387,False,False,1,93.0,0.0,567095.0,0.0001639936871247322,2,52,2
microsoft/agent-framework,417,85,121,2026-04-10 00:10:09+00:00,2026-04-16 21:37:45+00:00,1234434,False,False,1,4.905882352941177,0.290167865707434,595656.0,0.0007000684959103912,12,51,0
grafana/mimir,325,37,109,2026-04-10 00:15:26+00:00,2026-04-16 21:16:39+00:00,805058,False,False,1,8.783783783783784,0.3353846153846154,594073.0,0.0005470708145295275,9,51,0
514-labs/moosestack,673,22,336,2026-04-10 00:03:02+00:00,2026-04-16 22:53:59+00:00,4086572,False,False,1,30.59090909090909,0.49925705794947994,600657.0,0.00112043978510198,9,51,1
mabrown040/workforceap-beta,285,5,146,2026-04-10 00:05:43+00:00,2026-04-16 22:05:12+00:00,863903,False,False,0,57.0,0.512280701754386,597569.0,0.00047693237098979363,7,51,3
konflux-qe-bd/ruby-bundler-sample-app,141,2,56,2026-04-10 08:45:43+00:00,2026-04-16 20:05:55+00:00,121556,False,False,1,70.5,0.3971631205673759,559212.0,0.0002521405120061801,4,51,1
earthoncom/syncmirror,64,2,33,2026-04-14 09:23:28+00:00,2026-04-15 10:14:55+00:00,111654,False,False,0,32.0,0.515625,89487.0,0.0007151876808921966,3,51,3
chequer-io/deck,568,6,142,2026-04-10 02:01:23+00:00,2026-04-16 18:26:52+00:00,1383562,False,False,1,94.66666666666667,0.25,577529.0,0.0009835003956511275,8,51,1
Ammar404z/StuPro,51,1,0,2026-04-14 13:15:32+00:00,2026-04-14 13:16:14+00:00,31175,False,False,0,51.0,0.0,42.0,1.2142857142857142,1,51,3
finalmakerr/SixSeven,301,1,0,2026-04-10 01:26:40+00:00,2026-04-16 19:37:46+00:00,215534,False,False,0,301.0,0.0,583866.0,0.0005155292481494042,4,51,2
demisto/content,750,67,293,2026-04-10 00:16:55+00:00,2026-04-16 22:51:40+00:00,1806967,False,False,1,11.194029850746269,0.39066666666666666,599685.0,0.0012506565947122239,9,51,1
Donutb001/Test_demo,51,1,51,2026-04-10 07:00:56+00:00,2026-04-16 21:29:08+00:00,31671,False,False,0,51.0,1.0,570492.0,8.939652089775142e-05,1,51,4
AndroidStudio-App/NeonIDE-Studio,447,4,316,2026-04-10 09:45:31+00:00,2026-04-16 00:47:30+00:00,438059,False,False,0,111.75,0.7069351230425056,486119.0,0.0009195279345180912,7,51,3
DaveDev42/nokhwa,242,2,40,2026-04-10 04:55:01+00:00,2026-04-16 09:02:20+00:00,185808,False,False,0,121.0,0.1652892561983471,533239.0,0.00045383027122922366,6,51,1
1Panel-dev/CordysCRM,224,20,76,2026-04-10 04:06:08+00:00,2026-04-16 12:30:59+00:00,495358,False,False,1,11.2,0.3392857142857143,548691.0,0.00040824434882292583,7,51,1
jlambert229/kaynos,249,3,71,2026-04-10 03:47:42+00:00,2026-04-12 19:01:23+00:00,428198,False,False,0,83.0,0.285140562248996,227621.0,0.0010939236713659987,5,51,1
somoore/sir,403,3,54,2026-04-10 17:50:23+00:00,2026-04-14 19:44:18+00:00,877535,False,False,0,134.33333333333334,0.13399503722084366,352435.0,0.0011434732645736092,9,51,1
department-of-veterans-affairs/vets-api,489,93,75,2026-04-10 03:52:09+00:00,2026-04-16 22:13:50+00:00,946768,False,False,1,5.258064516129032,0.15337423312883436,584501.0,0.0008366110579793705,7,51,0
LordGrape/notion-widgets,293,3,48,2026-04-10 05:04:18+00:00,2026-04-16 21:49:34+00:00,560047,False,False,0,97.66666666666667,0.16382252559726962,578716.0,0.0005062932422811881,6,51,1
sreenivasmrpivot/legobuilder,372,1,0,2026-04-10 21:53:30+00:00,2026-04-13 18:04:24+00:00,685288,False,False,0,372.0,0.0,245454.0,0.0015155589234642744,8,51,2
djinnos/djinn,176,3,9,2026-04-10 02:59:08+00:00,2026-04-16 03:42:04+00:00,200139,False,False,1,58.666666666666664,0.05113636363636364,520976.0,0.00033782746230152634,5,51,1
pass-culture/pass-culture-main,480,30,165,2026-04-10 06:04:13+00:00,2026-04-16 22:32:21+00:00,918795,False,False,1,16.0,0.34375,577688.0,0.0008308983395881514,8,51,1
wahengchang/ai-study-note,75,1,0,2026-04-11 04:43:09+00:00,2026-04-16 22:09:14+00:00,71089,False,False,0,75.0,0.0,494765.0,0.0001515871171162067,3,51,2
texpress30/scripts,326,4,82,2026-04-10 07:03:58+00:00,2026-04-16 22:23:54+00:00,928256,False,False,0,81.5,0.25153374233128833,573596.0,0.0005683442701831952,4,51,1
liking709394/solara,51,1,0,2026-04-10 15:54:09+00:00,2026-04-10 15:54:35+00:00,32426,False,False,0,51.0,0.0,26.0,1.9615384615384615,1,51,3
doxynix/doxynix,482,12,465,2026-04-10 05:31:35+00:00,2026-04-16 22:12:48+00:00,1858852,False,False,1,40.166666666666664,0.9647302904564315,578473.0,0.0008332281714099016,9,51,3
IllyaYalovyy/rttx,291,1,0,2026-04-10 00:28:19+00:00,2026-04-16 22:29:32+00:00,356730,False,False,0,291.0,0.0,597673.0,0.00048688831518238235,6,51,2
scrapedog/crawl-api,179,2,0,2026-04-10 08:08:39+00:00,2026-04-16 20:38:31+00:00,143432,False,False,1,89.5,0.0,563392.0,0.0003177183914574577,4,50,1
ewhauser/shuck,431,5,122,2026-04-10 00:00:19+00:00,2026-04-16 22:55:11+00:00,837526,False,False,0,86.2,0.28306264501160094,600892.0,0.0007172669963986872,7,50,1
seedquan/jeff-quiz,71,2,4,2026-04-11 00:45:22+00:00,2026-04-16 15:04:39+00:00,62268,False,False,0,35.5,0.056338028169014086,483557.0,0.00014682860552116917,4,50,1
NX-2021-L/enceladus,179,2,9,2026-04-11 02:22:42+00:00,2026-04-16 22:49:00+00:00,166216,False,False,1,89.5,0.05027932960893855,505578.0,0.00035405021579261757,5,50,1
gabrielribeirogpx-arch/Whatsapp-IA,203,3,29,2026-04-15 01:04:25+00:00,2026-04-16 22:48:50+00:00,335336,False,False,0,67.66666666666667,0.14285714285714285,164665.0,0.0012328060000607293,6,50,1
ekur12/netarena_leaderboard,107,2,50,2026-04-12 21:12:17+00:00,2026-04-16 19:16:08+00:00,66086,False,False,0,53.5,0.4672897196261682,338631.0,0.0003159781591171511,2,50,1
oscharko-dev/workspace-dev,321,5,67,2026-04-10 05:54:50+00:00,2026-04-16 20:51:11+00:00,1191518,False,False,1,64.2,0.2087227414330218,572181.0,0.0005610112883860177,8,50,1
Blackmarket-coa/blackout,231,4,19,2026-04-10 12:59:22+00:00,2026-04-16 22:41:57+00:00,268979,False,False,0,57.75,0.08225108225108226,553355.0,0.00041745353344597953,6,50,1
lacreativodesign/lacreativo-website,241,2,19,2026-04-10 15:43:19+00:00,2026-04-16 22:51:48+00:00,382975,False,False,0,120.5,0.07883817427385892,544109.0,0.0004429259578503572,4,50,1
CraigBuckmaster/ScriptureDeepDive,322,2,30,2026-04-10 02:18:32+00:00,2026-04-16 22:59:57+00:00,695159,False,False,0,161.0,0.09316770186335403,592885.0,0.0005431070106344401,6,50,1
ozmalabs/ozma,492,1,0,2026-04-10 00:19:13+00:00,2026-04-14 02:59:49+00:00,423312,False,False,1,492.0,0.0,355236.0,0.0013849947640441848,5,50,2
danielraffel/pulp,350,3,44,2026-04-10 00:05:36+00:00,2026-04-16 17:33:25+00:00,505089,False,False,0,116.66666666666667,0.12571428571428572,581269.0,0.0006021308550774254,8,50,1
mattermost/mattermost,723,80,145,2026-04-10 00:06:13+00:00,2026-04-16 22:53:59+00:00,2612739,False,False,1,9.0375,0.20055325034578148,600466.0,0.0012040648429719584,10,50,0
shaun0927/opensafari,292,1,0,2026-04-10 03:29:50+00:00,2026-04-16 14:46:25+00:00,691256,False,False,0,292.0,0.0,558995.0,0.0005223660318965286,8,50,2
The-new-ben/lawyer-opportunity-hub,50,1,50,2026-04-10 04:38:35+00:00,2026-04-16 17:02:35+00:00,32700,False,False,0,50.0,1.0,563040.0,8.880363739698778e-05,1,50,4
azerozero/grob,208,3,6,2026-04-10 07:43:35+00:00,2026-04-16 20:27:40+00:00,266408,False,False,1,69.33333333333333,0.028846153846153848,564245.0,0.0003686341925936428,8,50,1
rdhforeclosureconqueror-sys/garvey,221,1,0,2026-04-10 03:16:08+00:00,2026-04-16 04:40:50+00:00,188817,False,False,0,221.0,0.0,523482.0,0.00042217306421233204,3,50,2
EE-Twister/CableTrayRoute,209,1,0,2026-04-10 20:25:47+00:00,2026-04-16 21:39:48+00:00,163285,False,False,0,209.0,0.0,522841.0,0.0003997391176284951,3,50,2
sofanuladi/rtk-air,50,1,0,2026-04-16 09:26:47+00:00,2026-04-16 09:27:02+00:00,29418,False,False,0,50.0,0.0,15.0,3.3333333333333335,1,50,3
kzkski/ketolog,315,2,31,2026-04-10 00:36:32+00:00,2026-04-15 09:45:55+00:00,617897,False,False,0,157.5,0.09841269841269841,464963.0,0.0006774732613132658,6,50,1
forwardimpact/monorepo,319,3,66,2026-04-10 00:38:57+00:00,2026-04-16 20:16:33+00:00,425960,False,False,1,106.33333333333333,0.20689655172413793,589056.0,0.0005415444372012169,7,50,1
AIOSAI/AIPass,202,9,0,2026-04-10 00:57:40+00:00,2026-04-16 21:08:25+00:00,185820,False,False,0,22.444444444444443,0.0,591045.0,0.0003417675473102725,8,50,1
SlashNephy/infrastructure,253,6,249,2026-04-10 00:32:33+00:00,2026-04-16 22:55:40+00:00,294338,False,False,0,42.166666666666664,0.9841897233201581,598987.0,0.00042237978453622533,7,50,3
openautonomyx/moto,50,1,0,2026-04-13 03:33:31+00:00,2026-04-13 03:34:30+00:00,39282,False,False,1,50.0,0.0,59.0,0.847457627118644,1,50,3
github/advisory-database,285,34,204,2026-04-10 00:32:21+00:00,2026-04-16 22:58:35+00:00,332808,False,False,1,8.382352941176471,0.7157894736842105,599174.0,0.00047565481813296307,9,50,2
SChavavt/app-ventas-td,152,1,0,2026-04-10 15:15:31+00:00,2026-04-16 20:45:27+00:00,106595,False,False,0,152.0,0.0,538196.0,0.00028242499015228653,3,50,2
XiannGoh/steam-discord-free-games,319,3,51,2026-04-10 00:06:22+00:00,2026-04-16 22:59:06+00:00,436953,True,False,0,106.33333333333333,0.15987460815047022,600764.0,0.0005309905387140374,8,50,4
microsoft/azurelinux,438,37,74,2026-04-10 00:19:00+00:00,2026-04-16 22:50:43+00:00,870644,False,False,1,11.837837837837839,0.1689497716894977,599503.0,0.0007306051846279334,8,50,1
activepieces/activepieces,3251,54,131,2026-04-10 00:19:27+00:00,2026-04-16 22:53:50+00:00,3305644,False,False,1,60.2037037037037,0.04029529375576746,599663.0,0.0054213783408347685,11,50,1
risingwavelabs/risingwave,243,22,121,2026-04-10 00:14:10+00:00,2026-04-16 22:25:11+00:00,509708,False,False,1,11.045454545454545,0.49794238683127573,598261.0,0.0004061772370253117,8,50,1
JagPat/Vitan-BrandBuilding,206,2,192,2026-04-10 01:04:24+00:00,2026-04-16 22:42:34+00:00,143194,False,False,0,103.0,0.9320388349514563,596290.0,0.00034546948632376863,4,50,3
ROCm/llvm-project,191,34,6,2026-04-10 00:41:48+00:00,2026-04-16 22:53:28+00:00,419588,False,False,1,5.617647058823529,0.031413612565445025,598300.0,0.00031923784054821994,9,50,0
cloudflare/kumo,4026,16,3940,2026-04-10 01:09:35+00:00,2026-04-16 17:47:07+00:00,3523745,False,False,1,251.625,0.9786388474913065,578252.0,0.006962362430220735,8,50,3
xuqssq/auto-merge-pr,50,1,0,2026-04-10 01:53:19+00:00,2026-04-16 22:33:07+00:00,30250,False,False,0,50.0,0.0,592788.0,8.43471865152466e-05,1,50,2
